Title,ProductDescriptionID,Culture
10,1146,en    
90,1566,fr    
23,1858,zh-cht
22,64,en    
118,1702,th    
22,1610,th    
6,1451,ar    
88,1687,th    
14,1638,th    
101,1391,ar    
30,1494,fr    
74,1546,fr    
25,1377,ar    
43,1385,ar    
84,1811,he    
58,1783,he    
17,1890,zh-cht
108,1763,he    
50,1645,th    
37,1836,he    
98,1876,zh-cht
59,744,en    
71,1543,fr    
6,1090,en    
107,1601,fr    
96,4,en    
40,1496,fr    
50,1775,he    
76,1382,ar    
72,1919,zh-cht
104,1394,ar    
96,1856,zh-cht
82,1678,th    
103,630,en    
1,1467,ar    
4,1463,ar    
59,1417,ar    
85,1439,ar    
54,698,en    
25,457,en    
69,1914,zh-cht
13,1590,fr    
87,1441,ar    
114,1964,zh-cht
23,1731,he    
121,1767,he    
27,1743,he    
110,1969,zh-cht
53,1665,th    
38,1978,zh-cht
12,1832,he    
33,1478,ar    
51,1523,fr    
40,1740,he    
97,1857,zh-cht
36,1502,fr    
30,1865,zh-cht
102,1754,he    
109,1841,he    
31,1369,ar    
72,1544,fr    
54,1779,he    
81,1929,zh-cht
102,1880,zh-cht
15,642,en    
13,1468,ar    
80,1431,ar    
18,1189,en    
118,1766,he    
67,1438,ar    
57,1413,ar    
52,697,en    
86,1562,fr    
44,1408,ar    
116,1957,zh-cht
119,1603,fr    
31,1615,th    
85,1561,fr    
4,1960,zh-cht
65,1682,th    
52,1648,th    
115,1216,en    
19,1367,ar    
91,1821,he    
106,1885,zh-cht
32,1717,th    
67,1683,th    
121,1703,th    
63,1911,zh-cht
93,1569,fr    
2,1210,en    
57,701,en    
60,1787,he    
127,2005,en    
52,1898,zh-cht
55,699,en    
103,1755,he    
83,1434,ar    
64,1791,he    
73,1545,fr    
87,1817,he    
53,853,en    
72,1667,th    
47,1905,zh-cht
43,1551,fr    
97,5,en    
23,1487,fr    
16,1947,zh-cht
39,1863,zh-cht
21,1365,ar    
27,1375,ar    
30,1738,he    
43,1805,he    
88,1939,zh-cht
7,1182,en    
116,1705,th    
112,1720,th    
127,2010,zh-cht
14,644,en    
59,1533,fr    
16,1826,he    
123,1984,th    
124,1992,zh-cht
63,1537,fr    
126,2001,fr    
99,1628,th    
98,1750,he    
68,1539,fr    
97,1730,he    
121,1955,zh-cht
6,1573,fr    
37,1710,th    
32,1472,ar    
74,1380,ar    
29,1495,fr    
70,1794,he    
9,1825,he    
36,1747,he    
2,1476,ar    
78,1925,zh-cht
70,1664,th    
8,637,en    
20,1490,fr    
69,1793,he    
61,1658,th    
47,1654,th    
23,1609,th    
62,1789,he    
62,847,en    
98,1388,ar    
48,1655,th    
8,1636,th    
116,1191,en    
92,1943,zh-cht
24,1474,ar    
61,1909,zh-cht
42,1518,fr    
107,1724,th    
73,867,en    
1,1838,he    
103,1632,th    
9,1020,en    
112,1209,en    
45,1403,ar    
5,1400,ar    
17,1770,he    
6,1696,th    
29,1866,zh-cht
3,1586,fr    
6,1827,he    
93,1692,th    
43,873,en    
44,692,en    
32,1594,fr    
61,1788,he    
50,1522,fr    
84,1435,ar    
9,1694,th    
117,1844,he    
125,1995,fr    
8,1759,he    
78,1384,ar    
106,1396,ar    
89,1443,ar    
84,1557,fr    
49,1644,th    
41,1498,fr    
123,1982,ar    
76,1802,he    
79,885,en    
12,1958,zh-cht
34,594,en    
57,1903,zh-cht
72,1797,he    
113,1185,en    
57,1529,fr    
85,1684,th    
87,1686,th    
39,1492,fr    
13,1713,th    
75,1922,zh-cht
122,1840,he    
11,1477,ar    
39,1736,he    
81,887,en    
83,1810,he    
91,1445,ar    
41,1869,zh-cht
67,1560,fr    
111,1765,he    
21,1860,zh-cht
115,1727,th    
86,1440,ar    
65,1813,he    
112,1475,ar    
127,2008,th    
26,1871,zh-cht
42,686,en    
17,1401,ar    
74,1921,zh-cht
108,1951,zh-cht
95,3,en    
115,1604,fr    
108,1183,en    
76,870,en    
54,1410,ar    
103,1882,zh-cht
108,1576,fr    
37,1465,ar    
48,1532,fr    
121,1188,en    
78,1550,fr    
88,1818,he    
82,1930,zh-cht
43,1926,zh-cht
115,1980,zh-cht
36,1378,ar    
21,1489,fr    
77,1383,ar    
125,1993,en    
97,1608,th    
83,889,en    
27,1870,zh-cht
106,635,en    
111,1186,en    
46,1773,he    
75,1801,he    
105,1634,th    
37,1963,zh-cht
4,1194,en    
23,8,en    
55,1900,zh-cht
8,1886,zh-cht
32,1843,he    
98,613,en    
36,1624,th    
14,1761,he    
59,1907,zh-cht
100,1507,fr    
96,1607,th    
123,1986,zh-cht
39,1368,ar    
107,1851,he    
81,1677,th    
106,1758,he    
21,1733,he    
78,1673,th    
22,1488,fr    
77,871,en    
33,1850,he    
45,687,en    
50,690,en    
115,1854,he    
90,1820,he    
120,1462,ar    
119,1215,en    
35,1625,th    
117,1206,en    
37,1587,fr    
20,1366,ar    
32,1970,zh-cht
60,1534,fr    
65,1559,fr    
99,1506,fr    
71,1666,th    
27,1621,th    
120,1959,zh-cht
88,1564,fr    
91,909,en    
54,1649,th    
26,1376,ar    
104,1633,th    
46,1643,th    
47,1531,fr    
122,1714,th    
58,1414,ar    
51,1896,zh-cht
1,1965,zh-cht
71,1918,zh-cht
64,1538,fr    
116,1582,fr    
58,702,en    
89,1565,fr    
100,1390,ar    
56,700,en    
117,1971,zh-cht
103,1393,ar    
27,1499,fr    
61,1535,fr    
44,1777,he    
10,1574,fr    
122,1469,ar    
117,1473,ar    
68,1662,th    
9,1571,fr    
92,912,en    
12,1706,th    
124,1987,en    
119,1979,zh-cht
48,1416,ar    
47,1415,ar    
118,1457,ar    
51,1407,ar    
56,1412,ar    
100,1629,th    
110,1203,en    
94,1570,fr    
70,852,en    
114,1466,ar    
118,1187,en    
55,1650,th    
3,1961,zh-cht
35,1748,he    
57,1652,th    
67,1814,he    
10,1949,zh-cht
36,513,en    
45,1892,zh-cht
62,1659,th    
118,1954,zh-cht
74,1669,th    
101,620,en    
39,170,en    
64,849,en    
48,704,en    
122,1201,en    
65,892,en    
96,1485,fr    
53,1542,fr    
84,1932,zh-cht
97,1362,ar    
92,1822,he    
20,1612,th    
56,1781,he    
108,1699,th    
99,1751,he    
94,1448,ar    
7,1950,zh-cht
54,1899,zh-cht
18,1459,ar    
49,1521,fr    
110,1593,fr    
3,1464,ar    
9,1449,ar    
105,1395,ar    
82,1555,fr    
92,1446,ar    
74,1800,he    
46,1404,ar    
66,891,en    
123,1985,he    
12,1461,ar    
52,1525,fr    
28,1741,he    
38,1725,th    
18,1581,fr    
85,1936,zh-cht
82,1809,he    
5,1889,zh-cht
56,1651,th    
60,1418,ar    
70,1915,zh-cht
105,1757,he    
123,1981,en    
119,1726,th    
75,1670,th    
56,1528,fr    
44,1647,th    
112,1846,he    
126,2000,ar    
77,1549,fr    
66,1933,zh-cht
66,1436,ar    
117,1595,fr    
42,1641,th    
109,1968,zh-cht
71,856,en    
65,1437,ar    
49,1774,he    
46,688,en    
72,1429,ar    
77,1672,th    
24,1596,fr    
93,1944,zh-cht
24,1845,he    
58,1653,th    
50,1406,ar    
69,851,en    
6,1948,zh-cht
62,1420,ar    
10,1452,ar    
83,1931,zh-cht
113,1952,zh-cht
5,1605,fr    
29,1739,he    
77,1803,he    
116,1460,ar    
112,1597,fr    
63,1660,th    
111,1456,ar    
59,1786,he    
96,1361,ar    
80,1807,he    
22,1859,zh-cht
107,1213,en    
38,1480,ar    
31,1864,zh-cht
20,1861,zh-cht
28,1619,th    
24,1208,en    
92,1568,fr    
79,1675,th    
54,1526,fr    
74,868,en    
91,1567,fr    
4,1708,th    
97,1486,fr    
38,1852,he    
86,1937,zh-cht
72,858,en    
5,1639,th    
16,1572,fr    
44,1524,fr    
57,1782,he    
94,1945,zh-cht
18,1830,he    
15,1637,th    
104,1511,fr    
94,1693,th    
120,1193,en    
125,1998,zh-cht
1,1589,fr    
35,1379,ar    
15,1398,ar    
11,1599,fr    
63,848,en    
66,1812,he    
88,1442,ar    
37,1196,en    
77,1924,zh-cht
55,1411,ar    
121,1580,fr    
25,1623,th    
126,2004,zh-cht
107,1479,ar    
11,1722,th    
68,1423,ar    
34,1387,ar    
28,337,en    
91,1690,th    
84,890,en    
104,633,en    
87,1938,zh-cht
114,1197,en    
49,1894,zh-cht
94,914,en    
75,1381,ar    
101,1508,fr    
73,1668,th    
45,1642,th    
38,1602,fr    
109,1470,ar    
17,1640,th    
14,1399,ar    
93,1447,ar    
116,1831,he    
100,1752,he    
39,1614,th    
35,554,en    
124,1988,ar    
101,1753,he    
24,1972,zh-cht
55,1780,he    
17,661,en    
8,1397,ar    
104,1883,zh-cht
114,1588,fr    
89,907,en    
83,1556,fr    
31,1737,he    
95,1728,he    
84,1680,th    
19,1491,fr    
75,869,en    
79,1927,zh-cht
80,1928,zh-cht
7,1575,fr    
30,1370,ar    
88,906,en    
35,1874,zh-cht
112,1973,zh-cht
91,1942,zh-cht
81,1432,ar    
100,619,en    
102,1631,th    
22,1364,ar    
126,1999,en    
95,1606,th    
65,1934,zh-cht
55,1527,fr    
95,1484,fr    
2,1974,zh-cht
99,1389,ar    
105,634,en    
10,1828,he    
63,1790,he    
51,1776,he    
53,1795,he    
32,1205,en    
93,913,en    
24,1719,th    
87,1563,fr    
80,1553,fr    
34,1749,he    
81,1808,he    
109,1592,fr    
60,1908,zh-cht
16,1695,th    
117,1718,th    
18,1704,th    
17,1517,fr    
4,1834,he    
125,1994,ar    
9,1946,zh-cht
126,2002,th    
79,1386,ar    
43,1674,th    
25,1501,fr    
111,1953,zh-cht
127,2009,he    
19,1862,zh-cht
31,1493,fr    
13,1839,he    
20,1734,he    
124,1991,he    
122,1967,zh-cht
27,376,en    
62,1910,zh-cht
49,689,en    
101,1630,th    
40,321,en    
100,1878,zh-cht
90,1444,ar    
69,1424,ar    
86,1816,he    
25,1745,he    
19,1735,he    
53,1916,zh-cht
124,1990,th    
28,1868,zh-cht
89,1940,zh-cht
66,1681,th    
67,1935,zh-cht
15,1760,he    
33,1600,fr    
127,2007,fr    
86,904,en    
19,168,en    
51,691,en    
26,409,en    
38,1214,en    
13,1966,zh-cht
50,1895,zh-cht
85,1815,he    
108,1454,ar    
61,746,en    
19,1613,th    
48,1785,he    
40,1618,th    
105,1884,zh-cht
82,1433,ar    
26,1622,th    
59,1656,th    
53,1426,ar    
13,1200,en    
125,1996,th    
73,1430,ar    
30,1616,th    
71,1796,he    
5,1768,he    
111,1701,th    
30,249,en    
115,1482,ar    
42,1891,zh-cht
90,908,en    
120,1584,fr    
78,1804,he    
71,1427,ar    
15,1515,fr    
113,1455,ar    
2,1721,th    
25,1872,zh-cht
44,1897,zh-cht
73,1920,zh-cht
60,745,en    
26,1744,he    
41,1742,he    
101,1879,zh-cht
75,1547,fr    
78,872,en    
2,1598,fr    
11,1211,en    
119,1481,ar    
85,903,en    
99,618,en    
124,1989,fr    
40,1372,ar    
29,1617,th    
45,1772,he    
89,1688,th    
33,1212,en    
122,1591,fr    
114,1711,th    
80,886,en    
70,1541,fr    
1,1712,th    
46,1893,zh-cht
41,1620,th    
79,1552,fr    
68,850,en    
15,1887,zh-cht
89,1819,he    
98,1505,fr    
96,1729,he    
98,1627,th    
119,1853,he    
69,1540,fr    
28,1373,ar    
12,1583,fr    
41,375,en    
64,1661,th    
52,1778,he    
66,1558,fr    
3,1195,en    
7,1698,th    
62,1536,fr    
114,1837,he    
113,1764,he    
109,1715,th    
48,1906,zh-cht
120,1707,th    
40,1867,zh-cht
111,1578,fr    
42,1771,he    
92,1691,th    
11,1975,zh-cht
104,1756,he    
52,1409,ar    
60,1657,th    
3,1709,th    
11,1848,he    
102,627,en    
46,1520,fr    
10,1697,th    
47,703,en    
56,1901,zh-cht
21,88,en    
121,1458,ar    
14,1516,fr    
7,1453,ar    
23,1363,ar    
8,1514,fr    
41,1374,ar    
16,1062,en    
63,1421,ar    
113,1700,th    
45,1519,fr    
106,1513,fr    
34,1504,fr    
61,1419,ar    
34,1626,th    
110,1471,ar    
113,1577,fr    
76,1923,zh-cht
3,1835,he    
21,1611,th    
110,1716,th    
33,1723,th    
80,1676,th    
7,1829,he    
5,647,en    
26,1500,fr    
123,1983,fr    
99,1877,zh-cht
79,1806,he    
83,1679,th    
118,1579,fr    
110,1842,he    
95,1360,ar    
76,1548,fr    
29,320,en    
102,1509,fr    
47,1784,he    
64,1912,zh-cht
120,1833,he    
70,1425,ar    
82,888,en    
42,1402,ar    
1,1199,en    
69,1663,th    
16,1450,ar    
68,1792,he    
103,1510,fr    
35,1503,fr    
107,1977,zh-cht
90,1689,th    
86,1685,th    
105,1512,fr    
76,1671,th    
109,1202,en    
4,1585,fr    
51,1646,th    
68,1913,zh-cht
126,2003,he    
28,1497,fr    
20,128,en    
67,893,en    
106,1635,th    
81,1554,fr    
95,1855,zh-cht
125,1997,he    
58,1530,fr    
29,1371,ar    
49,1405,ar    
31,209,en    
64,1422,ar    
22,1732,he    
93,1823,he    
12,1192,en    
33,1976,zh-cht
102,1392,ar    
18,1956,zh-cht
90,1941,zh-cht
127,2006,ar    
73,1799,he    
87,905,en    
94,1824,he    
34,1875,zh-cht
14,1888,zh-cht
36,1873,zh-cht
2,1847,he    
58,1904,zh-cht
