Description,ProductDescriptionID
Chromoly steel.,3
Aluminum alloy cups; large diameter spindle.,4
Aluminum alloy cups and a hollow axle.,5
Suitable for any type of riding, on or off-road. Fits any budget. Smooth-shifting with a comfortable ride.,8
This bike delivers a high-level of performance on a budget. It is responsive and maneuverable, and offers peace-of-mind when you decide to go off-road.,64
For true trail addicts.  An extremely durable bike that will go anywhere and keep you in control on challenging terrain - without breaking your budget.,88
Serious back-country riding. Perfect for all levels of competition. Uses the same HL Frame as the Mountain-100.,128
Top-of-the-line competition mountain bike. Performance-enhancing options include the innovative HL Frame, super-smooth front suspension, and traction for all terrain.,168
Suitable for any type of off-road trip. Fits any budget.,170
Entry level adult bike; offers a comfortable ride cross-country or down the block. Quick-release hubs and rims.,209
Value-priced bike with many features of our top-of-the-line models. Has the same light, stiff frame, and the quick acceleration we're famous for.,249
Same technology as all of our Road series bikes, but the frame is sized for a woman.  Perfect all-around bike for road or racing.,320
Same technology as all of our Road series bikes.  Perfect all-around bike for road or racing.,321
A true multi-sport bike that offers streamlined riding and a revolutionary design. Aerodynamic design lets you ride with the pros, and the gearing will conquer hilly roads.,337
Cross-train, race, or just socialize on a sleek, aerodynamic bike.  Advanced seat technology provides comfort all day.,375
Cross-train, race, or just socialize on a sleek, aerodynamic bike designed for a woman.  Advanced seat technology provides comfort all day.,376
Alluminum-alloy frame provides a light, stiff ride, whether you are racing in the velodrome or on a demanding club ride on country roads.,409
This bike is ridden by race winners. Developed with the Adventure Works Cycles professional race team, it has a extremely light heat-treated aluminum frame, and steering that allows precision control.,457
All-occasion value bike with our basic comfort and safety features. Offers wider, more stable tires for a ride around town or weekend trip.,513
The plush custom saddle keeps you riding all day,  and there's plenty of space to add panniers and bike bags to the newly-redesigned carrier.  This bike has stability when fully-loaded.,554
Travel in style and comfort. Designed for maximum comfort and safety. Wide gear range takes on all hills. High-tech aluminum alloy construction provides durability without added weight.,594
Superior shifting performance.,613
Super rigid spindle.,618
High-strength crank arm.,619
Triple crankset; alumunim crank arm; flawless shifting.,620
All-weather brake pads; provides superior stopping by applying more surface to the rim.,627
Wide-link design.,630
Stout design absorbs shock and offers more precise steering.,633
Composite road fork with an aluminum steerer tube.,634
High-performance carbon road fork with curved legs.,635
Our best value utilizing the same, ground-breaking frame technology as the ML aluminum frame.,637
The ML frame is a heat-treated aluminum frame made with the same detail and quality as our HL frame. It offers superior performance. Men's version.,642
The ML frame is a heat-treated aluminum frame made with the same detail and quality as our HL frame. It offers superior performance. Women's version.,644
Each frame is hand-crafted in our Bothell facility to the optimum diameter and wall-thickness required of a premium mountain frame. The heat-treated welded aluminum frame has a larger diameter tube that absorbs the bumps.,647
Made from the same aluminum alloy as our top-of-the line HL frame, the ML features a lightweight down-tube milled to the perfect diameter for optimal strength. Women's version.,661
Replacement mountain wheel for entry-level rider.,686
Replacement mountain wheel for the casual to serious rider.,687
High-performance mountain replacement wheel.,688
Replacement road front wheel for entry-level cyclist.,689
Sturdy alloy features a quick-release hub.,690
Strong wheel with double-walled rim.,691
Aerodynamic rims for smooth riding.,692
All-purpose bar for on or off-road.,697
Tough aluminum alloy bars for downhill.,698
Flat bar strong enough for the pro circuit.,699
Unique shape provides easier reach to the levers.,700
Anatomically shaped aluminum tube bar will suit all riders.,701
Designed for racers; high-end anatomically shaped bar from aluminum alloy.,702
Unique shape reduces fatigue for entry level riders.,703
A light yet stiff aluminum bar for long distance riding.,704
Threadless headset provides quality at an economical price.,744
Sealed cartridge keeps dirt out.,745
High-quality 1" threadless headset with a grease port for quick lubrication.,746
Expanded platform so you can ride in any shoes; great for all-around riding.,847
Lightweight, durable, clipless pedal with adjustable tension.,848
Stainless steel; designed to shed mud easily.,849
Clipless pedals - aluminum.,850
Lightweight aluminum alloy construction.,851
Top-of-the-line clipless pedals with adjustable tension.,852
A stable pedal for all-day riding.,853
Refillable shoes; polished aluminum calipers.,856
10-speed aluminum derailleur with sealed pulley bearings.,858
Replacement rear mountain wheel for entry-level rider.,867
Replacement rear mountain wheel for the casual to serious rider.,868
Extra-strong rims guarantee durability.,869
Replacement rear wheel for entry-level cyclist.,870
Aluminum alloy rim with stainless steel spokes; built for speed.,871
Strong rear wheel with double-walled rim.,872
Excellent aerodynamic rims guarantee a smooth ride.,873
Synthetic leather. Features gel for increased comfort.,885
Designed to absorb shock.,886
Anatomic design for a full-day of riding in comfort. Durable leather.,887
Lightweight foam-padded saddle.,888
Rubber bumpers absorb bumps.,889
Lightweight kevlar racing saddle. Leather.,890
Comfortable, ergonomically shaped gel saddle.,891
New design relieves pressure for long rides.,892
Cut-out shell for a more comfortable ride.,893
Comparible traction, less expensive wire bead casing.,903
Great traction, high-density rubber.,904
Incredible traction, lightweight carbon reinforced.,905
Same great treads as more expensive tire with a less expensive wire bead casing.,906
Higher density rubber.,907
Lightweight carbon reinforced  for an unrivaled ride at an un-compromised weight.,908
High-density rubber.,909
Self-sealing tube.,912
Conventional all-purpose tube.,913
General purpose tube.,914
The LL Frame provides a safe comfortable ride, while offering superior bump absorption in a value-priced aluminum frame.,1020
Made from the same aluminum alloy as our top-of-the line HL frame, the ML features a lightweight down-tube milled to the perfect diameter for optimal strength. Men's version.,1062
Our lightest and best quality aluminum frame made from the newest alloy; it is welded and heat-treated for strength. Our innovative design results in maximum comfort and performance.,1090
Lightweight butted aluminum frame provides a more upright riding position for a trip around town.  Our ground-breaking design provides optimum comfort.,1146
The HL aluminum frame is custom-shaped for both good looks and strength; it will withstand the most rigorous challenges of daily riding. Men's version.,1182
Affordable light for safe night riding - uses 3 AAA batteries,1183
Aluminum cage is lighter than our mountain version; perfect for long distance trips.,1185
AWC logo water bottle - holds 30 oz; leak-proof.,1186
Carries 4 bikes securely; steel construction, fits 2" receiver hitch.,1187
Clip-on fenders fit most mountain bikes.,1188
Combination of natural and synthetic fibers stays dry and provides just the right cushioning.,1189
Designed for convenience. Fits in your pocket. Aluminum barrel. 160psi rated.,1191
Designed for the AWC team with stay-put straps, moisture-control, chamois padding, and leg grippers.,1192
Durable, water-proof nylon construction with easy access. Large enough for weekend trips.,1193
Full padding, improved finger flex, durable palm, adjustable closure.,1194
Synthetic palm, flexible knuckles, breathable mesh upper. Worn by the AWC team riders.,1195
Heavy duty, abrasion-resistant shorts feature seamless, lycra inner shorts with anti-bacterial chamois for comfort.,1196
Includes 8 different size patches, glue and sandpaper.,1197
Light-weight, wind-resistant, packs to fit into a pocket.,1199
Men's 8-panel racing shorts - lycra with an elastic waistband and leg grippers.,1200
Perfect all-purpose bike stand for working on your bike at home. Quick-adjusting clamps and steel construction.,1201
Rechargeable dual-beam headlight.,1202
Rugged weatherproof headlight.,1203
Short sleeve classic breathable jersey with superior moisture control, front zipper, and 3 back pockets.,1205
Simple and light-weight. Emergency patches stored in handle.,1206
Thin, lightweight and durable with cuffs that stay up.,1208
Tough aluminum cage holds bottle securly on tough terrain.,1209
Traditional style with a flip-up brim; one-size fits all.,1210
Unisex long-sleeve AWC logo microfiber cycling jersey,1211
Universal fit, well-vented, lightweight , snap-on visor.,1212
Versatile 70 oz hydration pack offers extra storage, easy-fill access, and a waist belt.,1213
Warm spandex tights for winter riding; seamless chamois construction eliminates pressure points.,1214
Washes off the toughest road grime; dissolves grease, environmentally safe. 1-liter bottle.,1215
Wraps to fit front and rear tires, carrier and 2 keys included.,1216
الفولاذ الكرومولي,1360
فناجين من سبيكة الألومنيوم؛ ذات محور دوران كبير القطر.,1361
فناجين من سبيكة الألومنيوم ومحور أجوف.,1362
ملائمة لأي نوع من أنواع القيادة، سواءً على الطرق الممهدة أو غير الممهدة. وتناسب أية ميزانية. نقل سرعات سلس مع قيادة مريحة.,1363
توفر هذه الدراجة مستوى عاليًا من الأداء في حدود ميزانية معينة. فهي تتميز بسرعة الاستجابة وإمكانية القيام بمناورات، هذا بالإضافة إلى إمكاناتها الفائقة التي تمنح الثقة في القيادة على الطرق غير الممهدة.,1364
لعاشقي قيادة الدراجات في الممرات غير الممهدة. دراجة شديدة التحمل يمكنك الانطلاق بها إلى أي مكان بما توفره لك من تحكم على الطرق الوعرة، كل هذا دون أن تتجاوز ميزانيتك.,1365
لقيادة المحترفين في المناطق الريفية. دراجة مُثلى لجميع مستويات المنافسة. تستخدم نفس هيكل HL Frame المستخدم في طراز Mountain-100.,1366
دراجة سباقات مخصصة للقيادة في الجبال من أعلى طراز. تتضمن خيارات تحسين الأداء هيكل HL Frame الإبداعي، والتعليق الأمامي ذي السلاسة الفائقة، وقوة الجر المناسبة لجميع أنواع الأراضي.,1367
مناسبة لجميع أنواع الرحلات على الطرق غير الممهدة. تناسب أية ميزانية.,1368
إنها دراجة مناسبة للمبتدئين من البالغين؛ فهي توفر قيادة مريحة سواءً على الطرق الوعرة أو في ساحة المدينة. يتميز محورا العجلتين وإطاريهما المعدنيين بسرعة التفكيك.,1369
إنها دراجة ذات سعر مناسب لإمكاناتها كما تتمتع بالعديد من مزايا أعلى طرازات دراجاتنا. إنها تتمتع أيضًا بما نشتهر به من هيكل خفيف وصلب، وسرعة في التسارع.,1370
ولها نفس التقنية المتوفرة في جميع دراجات سلسلة الطريق لدينا، ولكن هيكل الدراجة قد تم تغيير حجمه ليناسب القيادة النسائية. إنها دراجة مثالية تصلح للعديد من الأغراض، وتناسب القيادة على الطرق العادية أو القيادة في السباقات.,1371
ولها نفس التقنية المتوفرة في جميع دراجات سلسلة الطريق لدينا. إنها دراجة مثالية متعددة الأغراض، تناسب القيادة على الطرق العادية أو القيادة في السباقات.,1372
إنها دراجة تصلح للعديد من الرياضات وهي مصممة لتوفير أقصى فعالية للقيادة، كما تتميز بتصميم ابتكاري. يتيح لك تصميمها الديناميكي الهوائي إمكانية القيادة مع المحترفين، حيث إنها مزودة بتروس يمكنها الانطلاق داخل الطرق المرتفعة شديدة الانحدار.,1373
يمكنك باستخدام هذه الدراجة الأنيقة التي تتميز بخاصية الديناميكية الهوائية التدرب على مهارات مختلفة أو التسابق أو مجرد المشاركة في نشاط اجتماعي. وتوفر لك تقنية المقاعد المتقدمة الراحة طوال اليوم.,1374
يمكنكِ باستخدام هذه الدراجة الأنيقة التي تتميز بخاصية الديناميكية الهوائية والمصممة للنساء التدرب على مهارات مختلفة أو التسابق أو مجرد المشاركة في نشاط اجتماعي. وتوفر لكِ تقنية المقاعد المتقدمة الراحة طوال اليوم.,1375
يوفر الهيكل المصنوع من سبيكة ألومنيوم قيادة قوية وخفيفة الحركة في نفس الوقت، سواءً كنت تتسابق في حلبة سباق دراجات أو في سباق يتطلب مهارات خاصة ـ بأحد النوادي ـ داخل طرقات ريفية.,1376
إنها الدراجة التي يقودها الفائزون بسباقات الدراجات. ونظرًا لأنه تم تطويرها عن طريق فريق سباق المحترفين Adventure Works Cycles، فقد تم تصميم هيكلها من الألومنيوم الخفيف المُعالج حراريًا، وتم تزويدها بنظام قيادة يسمح بالتحكم الدقيق في الدراجة.,1377
إنها دراجة قيّمة تصلح لكافة المناسبات وهي تشتمل على ميزات الراحة والأمان الأساسية في منتجاتنا. وهي تتميز بإطارات أعرض وأكثر توازنًا من غيرها بما يلائم القيادة في أرجاء البلدة أو أثناء رحلات العطلات الأسبوعية.,1378
إن مقعد الدراجة المخصص المصنوع من نسيج البلش يجعلك لا تمل أبدًا من القيادة طوال اليوم، كما يوفر لك حامل الدراجة بتصميمه المحدّث مساحة كبيرة تستوعب أكثر من سلة وشنطة على الدراجة. وتحتفظ هذه الدراجة بتوازنها حتى عند تحميلها بالكامل.,1379
عجلة احتياطية خلفية مخصصة للقيادة في الجبال تناسب جميع الراكبين بدءًا من الراكب العادي إلى الراكب المحترف.,1380
إطاران معدنيان شديدا القوة يضمنان قوة التحمل.,1381
عجلة خلفية بديلة لراكبي الدراجات المبتدئين.,1382
إطار معدني مصنوع من سبيكة الألومنيوم بقضبان شعاعية من الفولاذ الذي لا يصدأ، مصمم لزيادة السرعة.,1383
عجلة خلفية قوية بإطار معدني ذي طبقتين.,1384
إطاران معدنيان ممتازان يتميزان بخاصية الديناميكية الهوائية لضمان القيادة السلسلة.,1385
جلد صناعي. تحتوي على مواد جيلاتينية لتوفير مزيد من الراحة.,1386
الاستمتاع بالمظهر الأنيق والراحة عند السفر. لقد تم تصميم هذه الدراجة لتوفير أقصى درجات الراحة والأمان. يتيح لك النطاق الواسع من التروس إمكانية القيادة فوق كافة أنواع المرتفعات. توفر تركيبة سبيكة الألومنيوم عالية التقنية قوة تحمّل دون وزن إضافي.,1387
أداء فائق في نقل السرعات.,1388
محور دوران صلب فائق الأداء.,1389
ذراع تدوير شديد القوة.,1390
مجموعة تدوير ثلاثية، وذراع تدوير ألومنيوم، وإمكانية نقل سرعات دون حدوث أخطاء.,1391
تحتوي على بطانات (تيل) فرامل، تناسب كافة الظروف الجوية، مما يتيح إمكانية إيقاف فائقة وذلك بتطبيق مساحة أكبر من سطح الفرامل على الإطار المعدني.,1392
تصميم عريض الوصلات.,1393
تصميم قوي يمتص الصدمات ويوفر قيادة أكثر دقة.,1394
شوكة طريق ماسكة للعجلة الأمامية مركبة ذات عمود توجيه مصنوع من الألومنيوم.,1395
شوكة طريق ماسكة للعجلة الأمامية من الكربون عالية الأداء ذات شعبتين مقوسين.,1396
إنها تأتي ضمن أفضل منتجاتنا فنيًا حيث تستخدم نفس تقنية الهيكل الابتكارية المستخدمة في هيكل ML المصنوع من الألومنيوم.,1397
إن هيكل ML هو هيكل مصنوع من الألومنيوم مُعالج حراريًا ومصمم بنفس تفاصيل وجودة هيكل HL الخاص بنا. وهو يوفر أداءً فائقًا. الطراز الرجالي.,1398
إن هيكل ML هو هيكل مصنوع من الألومنيوم مُعالج حراريًا ومصمم بنفس تفاصيل وجودة هيكل HL الخاص بنا. وهو يوفر أداءً فائقًا. الطراز النسائي.,1399
وقد تم تصنيع كل هيكل من تلك الهياكل يدويًا في مصنعنا بمدينة Bothel بحيث يصل اتساع قطره وسمكه إلى أفضل قيمتين مطلوبتين لهيكل دراجة مخصصة للقيادة في الجبال من الدرجة الأولى. ويتميز هيكل الألومنيوم الملحوم والُمعالج حراريًا بأنبوبة ذات قطر كبير يمتص الصدمات.,1400
يحتوي هيكل ML على أنبوبة سفلية خفيف الوزن تم تشكيلها بحيث تحتوي على أفضل قطر يوفر أعلى درجات القوة، وقد تم صناعتها من نفس سبيكة الألومنيوم التي تم صناعة هيكل HL - الذي يعد من أعلى طرازاتنا - منها. الطراز النسائي.,1401
عجلة احتياطية مخصصة للقيادة في الجبال لراكبي الدراجات المبتدئين.,1402
عجلة احتياطية مخصصة للقيادة في الجبال تناسب كافة أنواع الركاب بدءًا من الراكب العادي إلى الراكب المحترف.,1403
عجلة احتياطية مخصصة للقيادة في الجبال عالية الأداء.,1404
عجلة طريق أمامية بديلة لقائدي الدراجات المبتدئين.,1405
تتميز بوجود سبيكة قوية تحتوي على محور عجلة سريع التفكيك.,1406
عجلة قوية بإطار معدني ذي طبقتين.,1407
توفر خاصية الديناميكية الهوائية للإطارين المعدنيين قيادة سلسة.,1408
قضيب قيادة ملائم لكافة الأغراض على الطرق الممهدة وغير الممهدة.,1409
قضبان قيادة قوية من سبيكة الألومنيوم لتحمّل القيادة فوق المنحدرات.,1410
قضيب قيادة مسطح وقوي بدرجة كافية لجولات المحترفين.,1411
شكل فريد يوفر وصولاً أسهل إلى تروس التحكم في السرعة.,1412
قضيب قيادة أنبوبي الشكل مصنوع من الألومنيوم ومشكّل بطريقة تتكيف مع بنية الراكب الجسمية ويناسب جميع الرّكاب.,1413
أحدث قضيب قيادة مشكّل بطريقة تتكيف مع بنية الراكب الجسمية وهو مصنوع من سبيكة ألومنيوم، ومصمم للمتسابقين.,1414
شكل فريد يقلل عناء القيادة على الركاب المبتدئين.,1415
قضيب قيادة مصنوع من الألومنيوم خفيف الوزن ولكنه قوي يتحمل القيادة لمسافات طويلة.,1416
توفر الوصلة غير الملولبة بين الشوكة الماسكة للعجلة الأمامية وبقية هيكل الدراجة الجودة المطلوبة وبسعر اقتصادي.,1417
تمنع الخرطوشة محكمة الإغلاق الأوساخ من الدخول.,1418
وصلة غير ملولبة بين الشوكة الماسكة للعجلة الأمامية وبقية هيكل الدراجة بمساحة 1 بوصة ذات جودة عالية مزودة بمنفذ تشحيم لإجراء التشحيم بشكل سريع.,1419
هيكل أساسي واسع بحيث يمكنك القيادة بأي حذاء، وهذا أمر رائع للقيادة متعددة الأغراض.,1420
دواسة خفيفة الوزن شديدة التحمّل بلا مشابك وذات قوة شدّ يمكن تعديلها.,1421
مصنوعة من الفولاذ الذي لا يصدأ، والذي تم تصميمه لإزالة الطين بسهولة.,1422
دواستان بلا مشابك مصنوعتان من الألومنيوم.,1423
تركيبة سبيكة ألومنيوم خفيفة الوزن.,1424
دواستان من أعلى الطرازات بقوة شدّ يمكن تعديلها.,1425
دواسة ثابتة ومتوازنة للقيادة طوال اليوم.,1426
أحذية قيادة دراجات؛ كماشات فرامل مصنوعة من الألومنيوم ومصقولة.,1427
ناقل سرعات مصنوع من الألومنيوم ذو عشر سرعات مع محامل بكرات مغلقة.,1429
عجلة احتياطية خلفية مخصصة للقيادة في الجبال للراكبين المبتدئين.,1430
مصممة لامتصاص الصدمات.,1431
تصميم يتناسب مع بنية الراكب الجسمية لتوفير قيادة مريحة طوال اليوم. جلد شديد التحمل.,1432
مقعد خفيف الوزن ذو حشو رغوي.,1433
مصدات مطاطية تمتص الصدمات.,1434
مقعد سباق خفيف الوزن مصنوع من مادة كيفلار. جلد.,1435
مقعد جيلاتيني مصمم بشكل يتناسب مع حركة الجسم.,1436
تصميم جديد لتخفيف الضغط عند القيادة لفترات طويلة.,1437
هيكل خارجي تم تصميمه لتوفير مزيد من الراحة أثناء القيادة.,1438
قوة جر تضاهي أحدث الطرازات، غطاء حافة بارزة مطاطي منخفض الثمن.,1439
قوة جر كبيرة، مطاط عالي الكثافة.,1440
قوة جر هائلة، كربون مقوى خفيف الوزن.,1441
السطح الخارجي للإطار بنفس جودة أسطح الإطارات الخارجية الأغلى ثمنًا، ولكنه مزود بغطاء حافة بارزة مطاطي أقل سعرًا.,1442
مطاط أعلى كثافة من الطرازات الأخرى.,1443
كربون مقوى خفيف الوزن لقيادة منقطعة النظير مع تحمل أوزان مرتفعة.,1444
مطاط عالي الكثافة.,1445
أنبوبة ذاتية القفل.,1446
أنبوبة تقليدية تناسب كافة الأغراض.,1447
أنبوبة متعددة الأغراض.,1448
يوفر الهيكل LL Frame قيادة آمنة ومريحة، مع توفير إمكانية فائقة لامتصاص الصدمات في هيكل من الألومنيوم جيد السعر بالنسبة لإمكاناته.,1449
يحتوي هيكل ML على أنبوبة سفلية خفيفة الوزن تم تشكيلها بحيث تحتوي على أفضل قطر يوفر أعلى درجات القوة، وقد تم صناعتها من نفس سبيكة الألومنيوم التي تم صناعة هيكل HL - الذي يعد من أعلى طرازاتنا - منها. الطراز الرجالي.,1450
لقد تم صناعة هيكل دراجتنا الألومنيوم الأخف وزنًا والأعلى جودة، من أحدث السبائك المتوفرة، وتم لحامه ومعالجته حراريًا لزيادة قوته. ويوفر تصميمنا الإبداعي أقصى درجات الراحة والأداء.,1451
يوفر هيكل الألومنيوم سميك الأطراف خفيف الوزن وضع قيادة أكثر انتصابًا أثناء القيام برحلات في أرجاء البلدة. يوفر تصميمنا الابتكاري أعلى درجات الراحة.,1452
وقد تم تخصيص شكل هيكل HL المصنوع من الألومنيوم لتوفير كل من جمال الشكل والقوة، كما أن بإمكانه مواجهة أصعب تحديات القيادة اليومية. الطراز الرجالي.,1453
إضاءة ذات سعر منخفض للقيادة بشكل آمن ليلاً، تستخدم 3 بطاريات AAA.,1454
هيكل قفصي من الألومنيوم أخف من مثيله في طرازنا المخصص للقيادة في الجبال، وهو مثالي في الرحلات ذات المسافات الطويلة.,1455
زجاجة مياه تحمل شعار AWC تستوعب 840 غرامًا من المياه، وهي مضادة للتسرب.,1456
يحمل 4 دراجات بشكل آمن، ذو بنية فولاذية، ويناسب عقدة تعليق بمساحة 2 بوصة.,1457
رفارف مثبتة بمشابك تلائم معظم الدراجات المخصصة للقيادة في الجبال.,1458
تركيبة من الفيبر الطبيعي والصناعي تظل محتفظة بجفافها وتعمل كوسائد ملائمة.,1459
مصممة لتوفير الراحة التامة. تلائم حجم الجيب. ماسورة من الألومنيوم. بمعدل رطل في البوصة المربعة.,1460
مصممة لفريق AWC مع أشرطة ثابتة، وتحكم في الرطوبة، وحشو شمواة، وماسكات للرجلين.,1461
تركيبة نيلون شديدة التحمل مضادة للماء يمكن الوصول إليها بسهولة. واسعة بدرجة كافية لرحلات عطلة نهاية الأسبوع.,1462
قفاز يد ذو حشوة كاملة، وثنية أصابع محسنة، وغطاء قوي لراحة اليد، كما يمكن تعديل مكان إغلاقه.,1463
قفاز ذو راحة يد صناعية، ومفاصل أصابع مرنة، وفتحات علوية تسمح بمرور الهواء. يرتديه راكبو دراجات فريق AWC.,1464
قمصان شديدة التحمل مقاومة للاحتكاكات تحتوي على قمصان داخلية أخرى خالية من الفتحات مصنوعة من قماش سباندكس ومبطنة بشمواة مضاد للبكتريا لتوفير الراحة.,1465
تشمل 8 رقع لصق مختلفة الحجم، ومادة غروية لاصقة، وورق سنفرة.,1466
علب خفيفة الوزن، ومقاومة للريح، تناسب حجم الجيب.,1467
قمصان سباق رجالي ذات ثمانية أقسام، من قماش سباندكس وذات حزام مرن وماسكات للرجلين.,1468
حامل دراجة ممتاز متعدد الأغراض يلائم صيانة دراجتك بالمنزل. قوامط سريعة الضبط وتركيبة فولاذية.,1469
مصباح أمامي مزدوج الإضاءة قابل لإعادة الشحن.,1470
مصباح أمامي قوي مضاد للظروف الجوية.,1471
قميص صوفي قصير الأكمام كلاسيكي يسمح بمرور الهواء خلاله مع تحكم فائق في الرطوبة، مزود بزمام منزلق أمامي، وثلاثة جيوب خلفية.,1472
بسيطة وخفيفة الوزن. رقع لصق للطوارئ مخزنة في قضيب القيادة.,1473
رفيعة وخفيفة الوزن وشديدة التحمل ذات أكمام تظل ثابتة.,1474
هيكل قفصي من الألومنيوم يُثبت الزجاجة بإحكام أثناء القيادة على الأراضي الوعرة.,1475
نمط تقليدي ذو حافة قابلة للانقلاب لأعلى، بحجم واحد يلائم الجميع.,1476
قميص صوفي موحد للجنسين بأكمام طويلة للتسابق مصنوع من المايكروفيبر يحمل شعار AWC.,1477
ملائمة بشكل عام، وجيدة التهوية، وخفيفة الوزن بقناع واق من الشمس مزود بخاصية الالتصاق التلقائي.,1478
شنطة ظهر مائية متعددة الأغراض والاستعمالات تزن 1.960 كيلوجرام وتوفر مساحة تخزين إضافية، وإمكانية تعبئة سهلة، مع حزام وسط.,1479
تساعد الرداءات المحكمة المصنوعة من الاسباندكس المخصصة للقيادة في فصل الشتاء، مع تركيبة الشمواة الانسيابية على التخلص من مواضع الضغط.,1480
يمكنها إزالة أصعب أوساخ الطريق، وإذابة المواد الزيتية، كما أنها آمنة بيئيًا. زجاجة بسعة لتر واحد.,1481
أغلفة تناسب الإطارين الأمامي والخلفي، وتشمل حاملاً ومفتاحين.,1482
Acier chromé.,1484
Cuvettes en alliage d'aluminium ; axe de grand diamètre.,1485
Cuvettes en alliage d'aluminium et axe creux.,1486
Adapté à tous les usages, sur route ou tout-terrain. Pour toutes les bourses. Changement de braquet en douceur et conduite confortable.,1487
Ce vélo offre un excellent rapport qualité-prix. Vif et facile à manœuvrer, il se conduit en toute tranquillité sur les chemins et les sentiers.,1488
Pour les véritables passionnés du VTT. Un vélo extrêmement robuste qui vous permettra d'aller partout, même sur les terrains difficiles, pour un budget raisonnable.,1489
Conduite sur terrains très accidentés. Idéal pour tous les niveaux de compétition. Utilise le même cadre HL que le Montain-100.,1490
VTT de compétition haut de gamme. Plusieurs options d'amélioration des performances : cadre HL, suspension avant particulièrement souple et traction adaptée à tous les terrains.,1491
Adapté à tous les terrains. Pour toutes les bourses.,1492
Vélo d'adulte d'entrée de gamme ; permet une conduite confortable en ville ou sur les chemins de campagne. Moyeux et rayons à blocage rapide.,1493
Vélo très séduisant comportant de nombreuses caractéristiques des modèles haut de gamme. Bénéficie du cadre léger et rigide, mais aussi de la ligne performante qui ont fait notre réputation.,1494
Équipé de la même technologie que tous nos vélos de route, avec un cadre femmes. Idéal pour la promenade ou la course sur route.,1495
Équipé de la même technologie que tous nos vélos de route. Idéal pour la promenade ou la course sur route.,1496
Un véritable vélo multi-sports, qui offre une conduite optimisée et une ligne révolutionnaire. Sa ligne aérodynamique vous permet de l'utiliser en course et ses vitesses de gravir les cols.,1497
VTT, course ou promenade entre amis sur un vélo aérodynamique et léger. Bénéficie d'un système de selle perfectionné qui offre un confort optimal.,1498
Tout terrain, course ou promenade entre amis sur un vélo aérodynamique et léger (cadre femmes). Bénéficie d'un système de selle perfectionné qui offre un confort optimal.,1499
Cadre en alliage d'aluminium qui offre une conduite légère et rapide, sur pistes ou sur routes de campagne.,1500
Ce vélo est destiné aux champions cyclistes. Mis au point par une équipe cycliste professionnelle, ce vélo possède un cadre en aluminium traité à chaud extrêmement léger et un guidon qui permet une conduite très précise.,1501
Vélo de qualité pour tous usages, doté d'un bon niveau de confort et de sécurité. Présente des pneus plus larges et plus stables pour les sorties en ville ou les randonnées du week-end.,1502
La selle rembourrée offre un confort optimal. Le porte-bagages nouvellement remanié offre diverses possibilités d'ajout de paniers ou de sacoches. Ce vélo reste parfaitement stable une fois chargé.,1503
Voyagez confortablement et avec élégance. Confort et sécurité maximum. Large éventail de vitesses pour gravir toutes les côtes. Sa fabrication en alliage d'aluminium haute technologie est synonyme de robustesse, sans ajout de poids.,1504
Système de changement de vitesse très performant.,1505
Axe très rigide.,1506
Manivelle haute résistance.,1507
Pédalier triple plateaux ; manivelle en aluminium ; changement de braquet impeccable.,1508
Patins de freinage pour tous les temps ; freinage renforcé par l'application d'une plus grande surface sur la jante.,1509
Conception liaison large.,1510
Conception robuste permettant d'absorber les chocs et d'offrir une conduite plus précise.,1511
Fourche composite pour route avec tube de direction en aluminium.,1512
Fourche pour route en carbone hautes performances avec bras incurvés.,1513
Utilise la même technologie de cadre que celle adoptée sur le cadre en aluminium ML.,1514
Le cadre ML est un cadre en aluminium traité à chaud fabriqué avec le même niveau de détail et de qualité que notre cadre HL. Il offre des performances exceptionnelles. Version hommes.,1515
Le cadre ML est un cadre en aluminium traité à chaud fabriqué avec le même niveau de détail et de qualité que notre cadre HL. Il offre des performances exceptionnelles. Version femmes.,1516
Doté du même alliage en aluminium que notre cadre HL haut de gamme, le ML possède un tube léger dont le diamètre est prévu pour offrir une résistance optimale. Version femmes.,1517
Roue de secours tout-terrain pour vététiste occasionnel.,1518
Roue de secours tout-terrain pour vététiste amateur à confirmé.,1519
Roue de secours tout-terrain hautes performances.,1520
Roue avant pour vélo de route pour cycliste occasionnel.,1521
Alliage robuste avec moyeu à blocage rapide.,1522
Roue solide avec jante double paroi.,1523
Jantes aérodynamiques pour conduite en souplesse.,1524
Barre d'appui tous usages pour conduite sur route ou tout-terrain.,1525
Barres d'appui en alliage d'aluminium solide pour descente.,1526
Barre d'appui plate suffisamment solide pour le circuit professionnel.,1527
Forme très réussie destinée à faciliter l'accès aux leviers.,1528
Barre d'appui avec tube en aluminium ergonomique pour répondre aux besoins de tous les cyclistes.,1529
Conçu pour la compétition ; barre d'appui ergonomique haut de gamme en alliage d'aluminium.,1530
Forme très réussie destinée à diminuer la fatigue des cyclistes occasionnels.,1531
Barre d'appui en aluminium légère et solide pour les longues randonnées.,1532
Jeu de direction de qualité sans filetage à un prix abordable.,1533
Boîtier de protection hermétique.,1534
Jeu de direction sans filetage 2,54 cm de grande qualité avec un dispositif de lubrification rapide.,1535
Plate-forme allongée permettant de rouler avec tous types de chaussures ; idéal pour la randonnée.,1536
Pédales automatiques légères et robustes avec tension réglable.,1537
Acier inoxydable ; facile à nettoyer.,1538
Pédales automatiques - aluminium.,1539
Fabrication en alliage d'aluminium léger.,1540
Pédales automatiques haut de gamme avec tension réglable.,1541
Pédale stable pour longs trajets.,1542
Bouchon de remplissage ; étriers en aluminium poli.,1543
Dérailleur en aluminium 10 vitesses avec supports de galet hermétiques.,1544
Roue de secours tout-terrain arrière pour vététiste occasionnel.,1545
Roue de secours tout-terrain arrière pour vététiste amateur à confirmé.,1546
Jantes très robustes, solidité garantie.,1547
Roue de secours arrière pour cycliste occasionnel.,1548
Jante en alliage d'aluminium avec rayons en acier inoxydable ; pour une vitesse optimale.,1549
Roue arrière solide avec jante doublée.,1550
Excellentes jantes aérodynamiques pour une conduite en souplesse.,1551
Cuir synthétique. Confort amélioré grâce au couvre-selle en gel.,1552
Conçu pour absorber les chocs.,1553
Conception ergonomique pour randonnée longue distance confortable. Cuir de qualité.,1554
Selle légère avec renfort en mousse.,1555
Amortisseurs en caoutchouc pour absorber les bosses.,1556
Selle de course légère en Kevlar. Cuir.,1557
Selle confortable et ergonomique profilée avec couvre-selle en gel.,1558
Nouvelle conception pour éviter la fatigue lors des longues randonnées.,1559
Cadre profilé pour améliorer le confort.,1560
Traction comparable aux modèles haut de gamme, gomme de pneu moins chère.,1561
Grande traction, caoutchouc haute densité.,1562
Traction exceptionnelle ; carbone léger renforcé.,1563
Même dessin que les pneus plus chers, mais doté d'une gomme moins chère.,1564
Caoutchouc plus dense que sur les autres modèles.,1565
Carbone léger renforcé pour un confort de conduite inégalé, sans ajout de poids.,1566
Caoutchouc haute densité.,1567
Tube à autovulcanisation.,1568
Tube classique tous usages.,1569
Tube à usage générique.,1570
Le cadre LL en aluminium offre une conduite confortable, une excellente absorption des bosses pour un très bon rapport qualité-prix.,1571
Doté du même alliage en aluminium que notre cadre HL haut de gamme, le ML possède un tube léger dont le diamètre est prévu pour offrir une résistance optimale. Version hommes.,1572
Notre cadre en aluminium plus léger et de qualité supérieure fabriqué à partir du tout dernier alliage ; cadre soudé et traité à chaud pour une meilleure résistance. Le résultat d'une conception innovante pour un confort et des performances maximum.,1573
Cadre renforcé léger pour une position plus droite ; idéal pour les promenades en ville. Ligne remarquable pour un confort optimal.,1574
Le cadre HL est profilé afin d'associer élégance et robustesse ; il est prévu pour résister à une utilisation quotidienne intensive. Version hommes.,1575
Éclairage peu onéreux pour la conduite de nuit - utilise 3 piles AAA.,1576
Le porte-bidon en aluminium est plus léger que la version VTT ; idéal pour les longues randonnées.,1577
Bidon d'eau avec le logo de l'équipe AWC - capacité 0,75 litre, entièrement étanche.,1578
Porte-vélo sécurisé pour 4 vélos ; fabrication en acier ; adaptable sur attache-remorque.,1579
Garde-boue adapté à la plupart des VTT.,1580
Combinaison de fibres naturelles et synthétiques ; reste sèche et offre le confort nécessaire.,1581
Très pratique. Tient dans la poche. Corps en aluminium. 11,2 bars.,1582
Conçu pour l'équipe professionnelle AWC, à bretelles, contrôle de l'humidité, peau de chamois et bande anti-remontée.,1583
Fabrication en nylon résistant étanche d'accès facile. Suffisamment grand pour les randonnées du week-end.,1584
Entièrement rembourré, amélioration de la souplesse de mouvement des doigts, paume renforcée, fermeture réglable.,1585
Paume synthétique, poignets souples, ouverture maillée anti-transpiration. Adopté par les professionnels de l'équipe AWC.,1586
Cuissards résistants à l'usure pour utilisation intensive, doublés à l'intérieur en Spandex, sans couture, peau de chamois anti-bactérie pour un meilleur confort.,1587
Comprend 8 rustines de tailles différentes, de la colle et du papier de verre.,1588
Sacs légers et résistants au vent ; tiennent dans la poche.,1589
Cuissards de course pour hommes - en Spandex avec un élastique à la ceinture et bande anti-remontée.,1590
Support de type home trainer idéal pour vous entraîner en intérieur (pour tous les modèles de vélo). Fixations rapides, fabrication en acier.,1591
Feu avant rechargeable à deux faisceaux.,1592
Feu avant robuste.,1593
Maillot manches courtes classique et anti-transpiration avec contrôle de l'humidité, fermeture avant à glissière et 3 poches arrière.,1594
Simple et léger. Rustines de secours rangées dans la poignée.,1595
Fin, léger et résistant avec des poignets qui restent en place.,1596
Porte-bidon en aluminium robuste qui maintient le bidon sur les terrains accidentés.,1597
Style classique avec une visière relevable ; taille unique.,1598
Maillot de cycliste en microfibre avec le logo de l'équipe AWV, manches longues, unisexe.,1599
Légère, aérée, taille unique, avec une visière amovible.,1600
Sac d'hydratation de 3 l polyvalent. Permet de stocker des aliments supplémentaires. Facile d'accès et fourni avec une ceinture.,1601
Collants chauds en Spandex pour l'hiver ; fabrication en chamoisine sans couture pour éliminer les points de frottement.,1602
Nettoie les saletés ; dissout la graisse. Protège l'environnement. Bouteille d'1 litre.,1603
S'enroule pour s'adapter aux pneus avant et arrière, sac et deux clés fournis.,1604
Chaque cadre est fabriqué artisanalement dans notre atelier de Bordeaux afin d'obtenir le diamètre et l'épaisseur adaptés à un vélo tout-terrain de premier choix. Le cadre en aluminium soudé à chaud présente un tube d'un plus grand diamètre, afin d'absorber les bosses.,1605
โลหะโครโมลี,1606
ดุมอลูมิเนียมอัลลอยด์ แกนเพลาขนาดใหญ่,1607
ดุมอลูมิเนียมอัลลอยด์และเพลากลวง,1608
เหมาะสำหรับการขี่ทุกประเภท ทั้งบนถนนและแบบออฟโรด  ในราคาย่อมเยา เปลี่ยนเกียร์อย่างนุ่มนวล พร้อมการขับขี่ที่แสนสบาย,1609
จักรยานรุ่นนี้มีประสิทธิภาพสูง ในราคาประหยัด  ควบคุมง่าย ทันใจ และให้ความมั่นใจเปี่ยมล้นเมื่อคุณต้องการขี่แบบออฟโรด,1610
สำหรับนักปั่นทางวิบากตัวจริง  เป็นจักรยานที่ทนทานเป็นเยี่ยม พร้อมสำหรับทุกเส้นทาง มีระบบบังคับทิศทางที่สมบูรณ์แบบในพื้นที่วิบาก โดยไม่ทำให้คุณกระเป๋าฉีก,1611
สำหรับการขี่ในเส้นทางผจญภัย  เหมาะที่สุดสำหรับการแข่งขันทุกระดับ  ใช้เฟรม HL เช่นเดียวกับในรุ่น Mountain-100,1612
สุดยอดจักรยานภูเขาสำหรับการแข่งขัน สมบูรณ์แบบด้วยองค์ประกอบสำหรับประสิทธิภาพสูงสุด เช่น เฟรม HL นวัตกรรมใหม่ ระบบกันกระเทือนด้านหน้าที่นุ่มนวลเป็นพิเศษ และยางที่ยึดเกาะทุกสภาพเส้นทาง,1613
เหมาะสำหรับเส้นทางวิบากทุกประเภท  ในราคาย่อมเยา,1614
จักรยานระดับเริ่มต้นสำหรับผู้ใหญ่ ให้ความสบายในการขับขี่แม้ในเส้นทางทุรกันดารหรือในเมือง  ดุมและขอบล้อถอดได้สะดวก,1615
จักรยานที่ให้ความคุ้มค่า ด้วยคุณสมบัติพิเศษมากมายจากรุ่นที่ดีที่สุด  พร้อมเฟรมที่เบา แกร่ง และอัตราเร่งที่สร้างชื่อเสียงให้กับเรา,1616
เทคโนโลยีเดียวกับจักรยานรุ่น Road ทั้งหมด แต่ใช้เฟรมขนาดกะทัดรัดสำหรับสุภาพสตรี  เหมาะสำหรับการขับขี่อเนกประสงค์ ไม่ว่าจะเป็นท้องถนนทั่วไปหรือการแข่งขัน,1617
เทคโนโลยีเดียวกับจักรยานรุ่น Road ทั้งหมด  เหมาะสำหรับการขับขี่อเนกประสงค์ ไม่ว่าจะเป็นท้องถนนทั่วไปหรือการแข่งขัน,1618
จักรยานแข่งขันอเนกประสงค์ที่ให้การขับขี่ที่คล่องตัว และรูปลักษณ์ที่ไม่ซ้ำใคร  การออกแบบแอโรไดนามิค ช่วยให้คุณเทียบชั้นกับมืออาชีพ พร้อมกับระบบเกียร์ที่จะนำคุณทะยานเหนือเส้นทางบนภูเขาได้สบาย,1619
ออกกำลัง แข่งขัน หรือสนุกสนานไปบนจักรยานคันเก๋ในรูปทรงแอโรไดนามิค  พร้อมด้วยเทคโนโลยีเบาะนั่งชั้นสูงที่ช่วยให้คุณขี่อย่างสบายได้ทั้งวัน,1620
ออกกำลัง แข่งขัน หรือสนุกสนานไปบนจักรยานคันเก๋ในรูปทรงแอโรไดนามิค ได้รับการออกแบบสำหรับนักปั่นสตรีโดยเฉพาะ  พร้อมด้วยเทคโนโลยีเบาะนั่งชั้นสูงที่ช่วยให้คุณขี่อย่างสบายได้ทั้งวัน,1621
เฟรมอลูมิเนียมอัลลอยด์ ให้การขับขี่ที่เบา มั่นคง ไม่ว่าคุณจะแข่งอยู่ในเวโลโดรม หรือเผชิญกับเส้นทางที่ท้าทายเพียงใด,1622
จักรยานคู่ใจของนักแข่งระดับแชมเปี้ยน  ได้รับการพัฒนาโดยทีมแข่ง Adventure Works Cycles ใช้เฟรมอลูมิเนียมผ่านความร้อนซึ่งเบาเป็นพิเศษ และการบังคับที่แม่นยำ,1623
จักรยานอเนกประสงค์สุดคุ้ม พร้อมความสบายและความปลอดภัยมาตรฐาน  ใช้ยางขนาดใหญ่ ให้ความมั่นใจในการขับขี่ในเมืองหรือในการท่องเที่ยวสุดสัปดาห์,1624
เบาะนั่งหุ้มพิเศษช่วยให้คุณขี่อย่างสบายตลอดทั้งวัน ตะแกรงออกแบบใหม่ มีพื้นที่เหลือเฟือสำหรับตะกร้าและกระเป๋า ขับขี่อย่างมั่นคง แม้ขณะบรรทุกของ,1625
เดินทางอย่างมาดมั่นและสะดวกสบาย  ได้รับการออกแบบเพื่อให้ปลอดภัยและขับขี่สบายสูงสุด  ช่วงเกียร์กว้าง พร้อมทุกเส้นทางลาดชัน  โครงสร้างอลูมิเนียมอัลลอยด์จากวิทยาการขั้นสูง ให้ความทนทานและมีน้ำหนักเบา,1626
ประสิทธิภาพการเปลี่ยนเกียร์ที่เหนือกว่า,1627
เพลาล้อสุดแกร่ง,1628
คันบังคับแข็งแรงเป็นพิเศษ,1629
ชุดควบคุมสามชั้น คันบังคับอลูมิเนียม และการเปลี่ยนเกียร์ที่สมบูรณ์แบบ,1630
ยางเบรกสำหรับทุกสภาพอากาศ เพื่อการหยุดที่มั่นใจ ด้วยหน้าสัมผัสกับขอบล้อมากกว่า,1631
การออกแบบให้มีจุดเชื่อมกว้าง,1632
การออกแบบที่มั่นคง รับแรงกระแทกและให้การควบคุมที่แม่นยำ,1633
ตะเกียบคู่โลหะผสม พร้อมท่อคันบังคับอลูมิเนียม,1634
ตะเกียบคู่คาร์บอนประสิทธิภาพสูง พร้อมขาโค้ง,1635
ความคุ้มค่าที่มาพร้อมกับเทคโนโลยีการออกแบบเฟรมเหมือนกับเฟรมอลูมิเนียม ML,1636
เฟรม ML เป็นเฟรมอลูมิเนียมผ่านความร้อน สร้างอย่างพิถีพิถันเช่นเดียวกับเฟรม HL  ให้ประสิทธิภาพที่เหนือกว่า  เวอร์ชันสำหรับสุภาพบุรุษ,1637
เฟรม ML เป็นเฟรมอลูมิเนียมผ่านความร้อน สร้างอย่างพิถีพิถันเช่นเดียวกับเฟรม HL  ให้ประสิทธิภาพที่เหนือกว่า  เวอร์ชันสำหรับสุภาพสตรี,1638
เฟรมแต่ละชิ้นผ่านการสร้างด้วยมือในโรงงาน Bothell เพื่อให้ได้ขนาดและความหนาที่เหมาะที่สุดสำหรับเฟรมจักรยานภูเขาชั้นดี  เฟรมอลูมิเนียมหล่อด้วยความร้อน มีโพรงขนาดใหญ่ซึ่งช่วยซึมซับแรงกระแทก,1639
สร้างจากอลูมิเนียมอัลลอยชนิดเดียวกับสุดยอดเฟรม HL เฟรม ML นี้มีน้ำหนักเบา สร้างขึ้นตามขนาดที่ให้ความแข็งแกร่งเป็นเลิศ  เวอร์ชันสำหรับสุภาพสตรี,1640
ล้ออะไหล่จักรยานภูเขาสำหรับนักปั่นระดับเริ่มต้น,1641
ล้ออะไหล่จักรยานภูเขาสำหรับนักปั่นสมัครเล่นไปจนถึงมืออาชีพ,1642
ล้ออะไหล่จักรยานภูเขาประสิทธิภาพสูง,1643
ล้อหน้าจักรยานภูเขาอะไหล่สำหรับนักปั่นระดับเริ่มต้น,1644
ดุมล้ออัลลอยด์ที่ทนทาน ถอดได้อย่างรวดเร็ว,1645
ล้อที่แข็งแกร่งพร้อมขอบล้อผนังสองชั้น,1646
ขอบล้อแอโรไดนามิคสำหรับการขับขี่อย่างนุ่มนวล,1647
คันบังคับอเนกประสงค์สำหรับทุกเส้นทาง,1648
คันบังคับอลูมิเนียมอัลลอยด์ แกร่งสำหรับเส้นทางลาดชัน,1649
คันบังคับแบน แข็งแรงพอสำหรับสนามโปรเซอร์กิต,1650
รูปร่างที่เป็นเอกลักษณ์ ช่วยให้ใช้คานบันไดได้สะดวก,1651
คานอลูมิเนียมที่ออกแบบตามหลักสรีรศาสตร์ เหมาะสำหรับนักปั่นทุกคน,1652
คันบังคับชั้นเยี่ยม ได้รับการออกแบบตามหลักสรีรศาสตร์สำหรับนักแข่ง ทำจากอลูมิเนียมอัลลอยด์,1653
รูปร่างที่เป็นเอกลักษณ์ช่วยลดความล้าสำหรับนักปั่นระดับเริ่มต้น,1654
คันบังคับอลูมิเนียมแข็งแกร่ง เบา เหมาะสำหรับการขี่ระยะไกล,1655
ชุดประกอบส่วนหัวไม่มีเกลียว คุณภาพสูงในราคาประหยัด,1656
กล่องผนึกสนิทป้องกันฝุ่นละออง,1657
ชุดประกอบส่วนหัวไม่มีเกลียวคุณภาพสูง ขนาด 1 นิ้วพร้อมช่องจาระบีสำหรับการหล่อลื่นอย่างรวดเร็ว,1658
คันถีบขนาดใหญ่ สำหรับการขับขี่ด้วยรองเท้าชนิดใดก็ได้ เหมาะสำหรับการขับขี่อเนกประสงค์,1659
คันถีบน้ำหนักเบา ทนทาน ไม่มีคลิป และสามารถปรับความตึงได้,1660
โลหะสเตนเลส ได้รับการออกแบบให้สลัดโคลนออกได้ง่าย,1661
คันถีบไม่มีคลิป - อลูมิเนียม,1662
โครงสร้างอลูมิเนียมอัลลอยด์น้ำหนักเบา,1663
คันถีบระดับเยี่ยม ไม่มีคลิป ปรับความตึงได้,1664
คันถีบที่มั่นคง สำหรับการขี่เป็นเวลานาน,1665
รองเท้าถอดเปลี่ยนพื้นด้านในได้ พร้อมแคลิเปอร์อลูมิเนียมขัดเงา,1666
ชุดเฟืองอลูมิเนียม 10 สปีดพร้อมตลับลูกปืนรอกผนึกแน่นหนา,1667
ล้อหลังอะไหล่จักรยานภูเขาสำหรับนักปั่นระดับเริ่มต้น,1668
ล้อหลังอะไหล่จักรยานภูเขาสำหรับนักปั่นยามว่างไปจนถึงมืออาชีพ,1669
ขอบล้อแข็งแกร่งเป็นพิเศษเพื่อความทนทานที่รับประกันได้,1670
ล้อหลังอะไหล่สำหรับนักปั่นระดับเริ่มต้น,1671
ขอบอลูมิเนียมอัลลอยด์พร้อมซี่ล้อสเตนเลส สำหรับความเร็วสูง,1672
ล้อหลังที่แข็งแกร่งพร้อมขอบล้อผนังสองชั้น,1673
ขอบล้อแอโรไดนามิคสำหรับการขับขี่ที่นุ่มนวล,1674
หนังสังเคราะห์  พร้อมเจลนุ่มสบายเป็นพิเศษ,1675
ได้รับการออกแบบเพื่อซึมซับแรงกระแทก,1676
ออกแบบตามหลักสรีรศาสตร์ สำหรับการขับขี่อย่างสบายตลอดทั้งวัน  ทำจากหนังที่ทนทาน,1677
เบาะที่นั่งโฟมน้ำหนักเบา,1678
กันชนยางกันแรงกระแทก,1679
เบาะนั่งเคฟลาร์สำหรับแข่ง น้ำหนักเบา ทำจากหนัง,1680
เบาะนั่งบรรจุเจล นุ่มสบาย มีรูปทรงตามหลักสรีรศาสตร์,1681
ออกแบบใหม่เพื่อบรรเทาแรงกดสำหรับการขับขี่ระยะไกล,1682
เปลือกพิเศษสำหรับการขับขี่ที่แสนสบาย,1683
แรงยึดเกาะเทียบชั้นกับรุ่นระดับสูง ใช้โครงไวร์บีดราคาประหยัด,1684
แรงยึดเกาะที่เหนือกว่า ด้วยยางความหนาแน่นสูง,1685
เกาะถนนเหลือเชื่อ เสริมคาร์บอนน้ำหนักเบา,1686
ดอกยางชั้นยอดเช่นเดียวกับยางราคาแพง แต่ใช้โครงไวร์บีดราคาประหยัด,1687
ใช้ยางความหนาแน่นสูงกว่ารุ่นอื่นๆ,1688
เสริมคาร์บอนน้ำหนักเบา สำหรับการขับขี่ที่เหนือกว่า โดยไม่เสียเปรียบในด้านน้ำหนัก,1689
ยางความหนาแน่นสูง,1690
จุ๊บยางผนึกด้วยตนเอง,1691
จุ๊บอเนกประสงค์แบบเดิม,1692
จุ๊บสำหรับการใช้งานทั่วไป,1693
เฟรม LL ให้ความปลอดภัยและสบายขณะขับขี่ พร้อมทั้งซึมซับแรงกระแทก คุ้มราคาสำหรับเฟรมอลูมิเนียม,1694
สร้างจากอลูมิเนียมอัลลอยชนิดเดียวกับสุดยอดเฟรม HL เฟรม ML นี้มีน้ำหนักเบา มีขนาดที่ให้ความแข็งแกร่งเป็นเลิศ  เวอร์ชันสำหรับสุภาพบุรุษ,1695
เฟรมอลูมิเนียมคุณภาพสูงสุดและน้ำหนักเบาที่สุด สร้างจากอัลลอยด์ชนิดใหม่ ได้รับการหลอมและให้ความร้อนเพื่อความแกร่ง  ด้วยนวัตกรรมการออกแบบ ทำให้มีความสบายและประสิทธิภาพสูงในเวลาเดียวกัน,1696
เฟรมอลูมิเนียมน้ำหนักเบา ทำให้ท่วงท่าในการขับขี่ยืดตรง สำหรับทางเรียบ  ปฏิวัติการออกแบบเพื่อความสบายสูงสุด,1697
เฟรมอลูมิเนียม HL ได้รับการออกแบบอย่างพิถีพิถัน เพื่อรูปลักษณ์และความแข็งแกร่ง พร้อมผจญทุกเส้นทางในการขับขี่ประจำวัน  เวอร์ชันสำหรับสุภาพบุรุษ,1698
ไฟราคาประหยัดสำหรับการขับขี่ยามค่ำคืนที่ปลอดภัย - ใช้แบตเตอรี่ AAA 3 ก้อน,1699
โครงอลูมิเนียมมีน้ำหนักเบากว่ารุ่นภูเขา เหมาะสำหรับการเดินทางระยะไกล,1700
ขวดน้ำติดโลโก้ AWC - บรรจุ 30 ออนซ์ พร้อมป้องกันการรั่วไหล,1701
บรรทุกรถจักรยาน 4 คันอย่างปลอดภัย ด้วยโครงสร้างเหล็กกล้า ใช้กับขอเกี่ยวขนาด 2 นิ้ว,1702
แผ่นป้องกันแบบคลิปออน สำหรับจักรยานภูเขาทุกรุ่น,1703
การผสมผสานไฟเบอร์จากธรรมชาติและสังเคราะห์ แห้งสนิทและให้การรองรับที่เหมาะสม,1704
ออกแบบเพื่อความสะดวก  ขนาดกะทัดรัด ใส่พอดีกระเป๋า  กระบอกอลูมิเนียม  ขนาด 160psi,1705
ได้รับการออกแบบสำหรับทีม AWC พร้อมสายรัด ตัวควบคุมความชื้น บุชามัวส์ และที่รัดขา,1706
ทนทาน ทำจากไนลอนกันน้ำ ใช้งานง่าย  มีขนาดใหญ่พอสำหรับการเดินทางในช่วงสุดสัปดาห์,1707
บุเต็มทุกส่วน เพิ่มการยืดหยุ่นของนิ้ว แผ่นฝ่ามือทนทาน ที่รัดปรับได้,1708
แผ่นฝ่ามือสังเคราะห์ ข้อนิ้วยืดหยุ่น และตาข่ายส่วนบนช่วยระบายอากาศ  ได้รับความไว้วางใจจากนักแข่งทีม AWC,1709
กางเกงขาสั้น ทนการขีดข่วน ทำจากเส้นใยสแปนเด็กซ์ไร้ตะเข็บ พร้อมด้วยชามัวส์ป้องกันแบคทีเรีย สวมสบาย,1710
ประกอบด้วยแผ่นปะยาง 8 ขนาด กาว และกระดาษทราย,1711
น้ำหนักเบา กันลม ขนาดกะทัดรัดพอดีกระเป๋า,1712
กางเกงแข่ง 8 ช่องสำหรับสุภาพบุรุษ - เส้นใยสแปนเด็กซ์พร้อมยางยืดและที่รัดขา,1713
ขาตั้งจักรยานอเนกประสงค์สำหรับจักรยานคันโปรดของคุณที่บ้าน  ที่ยึดปรับสะดวก และโครงสร้างเหล็กกล้า,1714
ไฟหน้าสองดวงแบบชาร์จซ้ำได้,1715
ไฟหน้าแบบทนทาน กันน้ำ,1716
เสื้อแขนสั้นแบบคลาสสิค ระบายอากาศได้ดี ควบคุมความชื้น ซิปหน้า พร้อมกระเป๋าหลัง 3 ใบ,1717
เรียบง่าย น้ำหนักเบา  ที่ปะยางฉุกเฉินเก็บได้ในคันบังคับ,1718
บาง น้ำหนักเบา และทนทาน พร้อมส่วนพับที่ไม่หลุด,1719
โครงอลูมิเนียมแข็งแกร่ง สำหรับใส่ขวดน้ำในเส้นทางวิบาก,1720
แบบดั้งเดิม พร้อมขอบพับ ใช้ได้กับทุกคน,1721
เสื้อไมโครไฟเบอร์ติดโลโก้ AWC,1722
แว่นกันลมขนาดสากล ระบายอากาศได้ดี น้ำหนักเบา,1723
แพ็คขนาด 70 ออนซ์ บรรจุเครื่องดื่มสำรอง เติมง่าย พร้อมสายรัดเอว,1724
กางเกงสแปนเด็กซ์ให้ความอบอุ่นในการขับขี่หน้าหนาว บุชามัวส์ไร้ตะเข็บสำหรับจุดกดทับ,1725
ทำความสะอาดสิ่งสกปรกที่ฝังแน่น ละลายจาระบี และไม่เป็นอันตรายต่อสิ่งแวดล้อม  ขวดบรรจุ 1 ลิตร,1726
ที่หุ้มยางสำหรับยางหน้าหรือยางหลัง พร้อมที่ใส่และกุญแจสองดอก,1727
פלדת כרומולי (כרום-מולובדניום),1728
כיסויים מסגסוגת אלומיניום; ציר רחב-קוטר.,1729
כיסויים מסגסוגת אלומיניום וציר חלול.,1730
מתאימים לכל סוג רכיבה, בדרכים סלולות ובשבילים כאחת. מתאימים לכל תקציב. החלפת הילוכים חלקה יחד עם רכיבה נוחה.,1731
אופניים אלה מספקים רמת ביצועים גבוהה במחיר סביר.  הם נענים וקלים לתמרון ומציעים "ראש שקט" כשתחליט לרכב במשעולים.,1732
מתאימים למכורים לרכיבת שטח של ממש. אופניים עמידים להפליא שניתן להגיע אתם לכל מקום מבלי לאבד את השליטה בשטח מאתגר – בלי לגרום לחור בתקציב.,1733
לרכיבה רצינית בשטחים נידחים. מתאימים לכל רמה של תחרות. באופניים אלה נעשה שימוש ב- HL Frame (מסגרת HL) זהה לזו המצויה בדגם Mountain-100 (100-הררי),1734
אופני הרים תחרותיים מהשורה הראשונה. אפשרויות לשיפור ביצועים הכוללות HL Frame (מסגרת (HL, שיכוך קדמי חלק במיוחד ואחיזת כביש המתאימה לכל סוגי השטח.,1735
מתאימים לכל סוג רכיבה בשבילים. מתאימים לכל תקציב.,1736
אופני מבוגרים למתחילים; מציעים רכיבה נוחה "מחוף לחוף" או לאורך הרחוב. טבורים וחישורים לשחרור מהיר.,1737
אופניים המהווים תמורה נאותה למחירם ובעלי רבות מתכונות דגמי הקו המוביל שלנו. מאופיינים במסגרת המוצקה והקלה וההאצה המהירה שבהם אנו מפורסמים.,1738
טכנולוגיה זהה לזו המצוי באופני סדרת "כביש" שלנו, אולם המסגרת בגודל המותאם לנשים. מושלמים כאופניים לכל מטרה לכביש ולתחרויות.,1739
טכנולוגיה זהה לזו המצויה באופני סדרת "כביש" שלנו. מושלמים כאופניים לכל מטרה לכביש ולתחרויות.,1740
אופניים שבאמת מתאימים לסוגי ספורט מרובים המציעים רכיבה חלקה ועיצוב מהפכני. עיצוב אווירודינמי מאפשר רכיבה עם מקצוענים ותשלובת גלגלי השיניים תתמודד עם כל דרך הררית.,1741
חציית שטחים, תחרות או סתם בילוי חברתי על אופניים מלוטשים ואווירודינמיים. טכנולוגיה מתקדמת של המושב מספקת נוחות לאורך כל היום.,1742
חציית שטחים, תחרות או סתם בילוי חברתי על אופניים בעלי עיצוב מלוטש ואווירודינמי לנשים. טכנולוגיה מתקדמת של המושב מספקת נוחות לאורך כל היום.,1743
מסגרת מסגסוגת אלומיניום מספקת רכיבה קלה ומוצקה, בין אם במסלול מרוצים ובין אם ברכיבת מועדון תובענית בדרכים כפריות.,1744
אופניים אלה משמשים את מנצחי התחרויות. לאופניים, שפותחו יחד עם צוות המרוצים של Adventure Works Cycles (אופני חוויה), יש מסגרת אלומיניום קלה ביותר שהוקשחה בחום והיגוי המאפשר שליטה מדויקת.,1745
אופני איכות לכל מטרה עם תכונות הנוחות והבטיחות הבסיסיות שלנו. מציעים צמיגים רחבים ויציבים יותר לרכיבה ברחבי העיר או לטיולי סופשבוע.,1747
המושב המשובח והמותאם אישית מאפשר רכיבה לאורך היום כולו וקיים מקום רב להוספת תיקי אוכף ותיקי אופניים למנשא שעוצב מחדש. אופניים אלה שומרים על יציבות גם בעומס מלא.,1748
רכיבה מסוגננת ונוחה. עיצוב המיועד למרב הנוחות והבטיחות. טווח רחב של מערכות הילוכים מצליח להתגבר על כל השיפועים. מבנה סגסוגת אלומיניום עתיר ידע מספק עמידות ללא תוספת משקל.,1749
ביצועי מעולים בחילוף הילוכים.,1750
ציר קשיח במיוחד.,1751
זרוע ארכובה עתירת עוצמה.,1752
ערכת ארכובה משולשת, זרוע ארכובה מאלומיניום, חילוף הילוכים מושלם.,1753
רפידות מעצור המתאימות לכל מזג אוויר; מספקות עצירה מעולה על-ידי החלת יותר שטח לחישוק.,1754
עיצוב רחב-חוליות.,1755
עיצוב חזק סופג זעזועים ומציע היגוי מדויק יותר.,1756
מזלג כביש מורכב עם צינור עמוד היגוי מאלומיניום.,1757
מזלג כביש מפחמן עם רגליים מוטות לביצועים גבוהים.,1758
האיכות הטובה ביותר שלנו שמנצלת טכנולוגיית מסגרת חדשנית זהה לזו שקיימת במסגרת ML מאלומיניום.,1759
מסגרת ה- ML היא מסגרת אלומיניום מוקשח בחום המיוצרת באותה הקפדה ואיכות כמו מסגרות HL שלנו. היא מציעה ביצועים מעולים. גירסה לגברים.,1760
מסגרת ה- ML היא מסגרת אלומיניום מוקשח בחום המיוצרת באותה הקפדה ואיכות כמו מסגרות HL שלנו. היא מציעה ביצועים מעולים. גירסה לנשים.,1761
תאורה במחיר סביר לרכיבה לילית בטוחה – פועלת באמצעות סוללת AAA,1763
כלוב האלומיניום קל יותר מאשר הגירסה ההררית שלנו; מושלם עבור רכיבה למרחקים ארוכים.,1764
בקבוק מים מתוצרת AWC – מכיל 850 גרם; עמיד מפני נזילה.,1765
נושא 4 זוגות אופניים בבטחה; מבנה פלדה; מתאים לרתמת מתלה של 2 אינץ'.,1766
פגושים מתחברים המתאימים לרוב האופנים לרכיבה הררית.,1767
כל מסגרת מיוצרת ידנית במפעל שלנו ב- Bothell, לקבלת הקוטר ועובי הדופן האופטימליים שנדרשים למסגרת הטובה ביותר לרכיבה הררית. למסגרת האלומיניום המרותכת שהוקשחה בחום, יש צינור בקוטר גדול יותר הסופג את החבטות.,1768
מסגרת ה- ML, העשויה סגסוגת אלומיניום זהה לזו המשמשת ליצור מסגרת HL מהקו המוביל שלנו, מתאפיינת בצלע תחתונה קלת משקל החרוטה לקוטר המושלם הנדרש לחוזק אופטימלי. גירסה לנשים.,1770
גלגל חלופי לרכיבה הררית לרוכב המתחיל.,1771
גלגל חלופי לרכיבה הררית לרוכב החובב והרציני.,1772
גלגל חלופי עתיר ביצועים לרכיבה הררית.,1773
גלגל חלופי קדמי לרכיבת כביש לרוכב המתחיל.,1774
סגסוגת איתנה מאפיינת את מנגנון השחרור המהיר של טבור האופן.,1775
גלגל חזק עם חישוק בעל הלחמה כפולה.,1776
חישוקים אווירודינמיים לרכיבה חלקה.,1777
ידיות לכל מטרה לרכיבת כביש ולשבילים.,1778
ידיות קשיחות מסגסוגת אלומיניום לרכיבה במורד.,1779
ידית שטוחה החזקה מספיק עבור הרוכב המקצועי.,1780
צורה ייחודית מספקת גישה קלה יותר לידיות ההילוכים.,1781
צינור אלומיניום לידית המעוצבת בצורה אנטומית שתתאים לכל רוכב.,1782
עיצוב המיוחד למתחרים; ידית אנטומית המעוצבת בצורה איכותית מסגסוגת אלומיניום.,1783
צורה ייחודית המפחיתה מעייפות הרוכב המתחיל.,1784
ידית אלומיניום קלה אך עם זאת קשיחה לרכיבה למרחקים ארוכים.,1785
טבעת נטולת תבריג מספקת איכות במחיר חסכוני.,1786
קסטה אטומה שומרת מפני לכלוך.,1787
טבעת נטולת תבריג בקוטר 1 אינץ' עם פתח סיכה לסיכה מהירה.,1788
משטח דוושות מורחב המתאים לרכיבה בכל סוגי הנעלים; מצוין לרכיבה לכל מטרה.,1789
דוושה עמידה נטולת חבקים עם מאמץ מתכוונן.,1790
פלדת אל-חלד; עיצוב המשיר בוץ בקלות.,1791
דוושות ללא חבקים – אלומיניום.,1792
מבנה סגסוגת אלומיניום קל משקל.,1793
דוושות נטולות חבקים מהשורה הראשונה עם מאמץ מתכוונן.,1794
דוושה יציבה המתאימה לרכיבה לאורך כל היום.,1795
נעליים למילוי מחדש; חבקים מאלומיניום מלוטש.,1796
מעתק אלומיניום ל- 10 מהירויות עם גלגלת מסבים אטומה.,1797
גלגל חלופי אחורי לרכיבה הררית לרוכב המתחיל.,1799
גלגל חלופי אחורי לרכיבה הררית לרוכב החובב והרציני.,1800
חישוקים חזקים במיוחד המבטיחים עמידות.,1801
גלגל חלופי אחורי לרוכב המתחיל.,1802
חישוק מסגסוגת אלומיניום עם חישורים מפלדת אל-חלד; בנויים למהירות.,1803
גלגל אחורי חזק עם חישוק בעל הלחמה כפולה.,1804
חישוקים אווירודינמיים מצוינים מבטיחים רכיבה חלקה.,1805
עור מלאכותי. מאופיין בג'ל להגברת הנוחות.,1806
מעוצב לספיגת זעזועים.,1807
עיצוב אנטומי לרכיבה נוחה לאורך כל היום. עור עמיד.,1808
מושב קל-משקל מרופד בקצף.,1809
פגושי גומי הסופגים חבטות.,1810
מושב Kevlar קל-משקל למרוצים. עור.,1811
מושב ג'ל נוח בעל עיצוב ארגונומי.,1812
עיצוב חדש להקלת לחץ ברכיבות ארוכות.,1813
מעטפת קעורה לרכיבה נוחה יותר.,1814
אחיזת כביש נוחה בדומה לדגמים היוקרתיים, יציקת תילי צמיג יקרה פחות.,1815
אחיזת כביש מעולה, גומי בצפיפות גבוהה.,1816
אחיזת כביש שלא תאמן; חיזוק קל-משקל מפחמן.,1817
חריצי צמיג זהים לאלה המצויים בצמיגים יקרים יותר, אולם עם יציקת תילי צמיג יקרה פחות.,1818
גומי בצפיפות גבוהה יותר מאשר דגמים אחרים.,1819
קל-משקל מחוזק בפחמן לרכיבה שאין כמוה למעמסה ללא פשרות.,1820
גומי בצפיפות גבוהה.,1821
פנימית עם אטימה עצמית.,1822
פנימית קונבנציונלית לכל מטרה.,1823
פנימית למטרות כלליות.,1824
מסגרת ה- LL מספקת רכיבה בטוחה ונוחה ועם זאת, מציעה ספיגת חבטות מעולה של מסגרת אלומיניום במחיר סביר.,1825
מסגרת ה- ML, העשויה סגסוגת אלומיניום זהה לזו המשמשת ליצור מסגרת HL מהקו המוביל שלנו, מתאפיינת בצלע תחתונה קלת משקל החרוטה לקוטר המושלם הנדרש לחוזק אופטימלי. גירסה לגברים.,1826
מסגרת האלומיניום הקלה והאיכותית ביותר שלנו עשויה מהסגסוגת החדישה ביותר; להענקת חוזק, היא מרותכת ומוקשחת בחום. העיצוב החדשני שלנו בא לידי ביטוי בנוחות ובביצועים מרביים.,1827
מסגרת קלת משקל מאלומיניום חרוץ מספקת תנוחת רכיבה זקופה יותר לנסיעות בתוך העיר. העיצוב החדשני שלנו מספק נוחות מרבית.,1828
מסגרת ה- HL מאלומיניום מעוצבת בהתאמה הן למראה טוב והן לחוזק; היא תעמוד באתגרים המחמירים ביותר של רכיבה יומיומית. גירסה לגברים.,1829
שילוב של סיבים טבעיים וסינטטיים נשאר יבש ומספק בדיוק את הריפוד הנכון.,1830
עיצוב המיועד לנוחות. מתאים לכיס. מיכל אלומיניום. 160 psi נקובים.,1831
מעוצב עבור הקבוצה של AWC עם רצועות הידוק, בקרת לחות, ריפוד מעור רך והידוק לרגליים.,1832
מבנה ניילון יציב ועמיד למים עם גישה קלה. גדול מספיק למסעות סופשבוע.,1833
ריפוד מלא, אפשרות כיפוף משופרת לאצבעות, עמידות באזור כף היד, סגירה ניתנת להתאמה.,1834
אזור כף יד מחומר סינטטי, מפרקים גמישים, רשת נושמת בחלק העליון. נלבש על-ידי רוכבי קבוצת AWC.,1835
מכנסיים קצרים לפעילות מאומצת, מונעי שפשוף מאופיינים בחלק פנימי מספנדקס נטול תפרים ועור רך אנטי-בקטריאלי לתוספת נוחות.,1836
כולל 8 טלאים בגדלים שונים, דבק ונייר זכוכית.,1837
קל-משקל, מגן מרוח, מתקפל לגודל המתאים לכיס.,1838
מכנסי גברים קצרים לתחרויות, 8 חלקים – עשויים ספנדקס עם חגורה אלסטית והידוק רגליים.,1839
מעמד רב-תכליתי לאופניים המיועד לטיפולי אופניים הנערכים בבית. כליבות להתאמה מהירה ומבנה פלדה.,1840
פנס כפול-אלומה הניתן לטעינה חוזרת.,1841
פנס קשיח ועמיד למים.,1842
סריג קלאסי,נושם, שרוול קצר, עם בקרת לחות מעולה, רוכסן קדמי ושלושה כיסי גב.,1843
פשוט וקל-משקל. טלאי חירום מאוחסנים בידית.,1844
דק, קל-משקל ועמיד, עם חפתים שנותרים מורמים.,1845
כלוב אלומיניום חזק שומר על הבקבוק בשטח קשה.,1846
סגנון מסורתי עם מצחייה מתרוממת; גודל אחד מתאים לכולם.,1847
סריג לרכיבה, שרוול ארוך, יוניסקס, עשוי microfiber מתוצרת AWC.,1848
מידה אונברסלית, מאווררת היטב, קלת-משקל, עם מצחייה מתחברת.,1850
מיכל 2 ליטר רב-תכליתי לשתייה מציע מקום אחסון נוסף, גישה קלה למילוי וחגורת מותניים.,1851
מכנסי ספנדקס צמודים וחמים לרכיבה חורפית; עור רך נטול תפרים מפחית מנקודות הלחיצה.,1852
לשטיפת לכלוך הנאסף בדרכים קשות; ממס שומנים, בטוח לסביבה. בקבוק של 1 ליטר.,1853
נכרך להתאמה לצמיג קדמי ואחורי, מנשא ושני מפתחות כלולים.,1854
铬钢。,1855
铝合金车圈；大直径脚蹬轴。,1856
铝合金车圈和空心轴。,1857
适合所有类型的使用，不论是公路骑乘还是越野。不论预算多少，均可称心如意。变速平稳，骑乘舒适。,1858
此自行车具有优越的性价比。它灵敏且易于操控，越野骑乘也可轻松胜任。,1859
适用于真正的越野车迷。此自行车极其耐用，无论身处何地，地形如何复杂，一切均在掌控之中，真正物超所值!,1860
适用于环境恶劣的野外骑乘。可应对各种比赛的完美赛车。使用与 Mountain-100 相同的 HL 车架。,1861
高档竞赛山地车。性能得到进一步增强，包括创新的 HL 车架、极其平稳的前悬架以及适用于所有地形的出色牵引力。,1862
适用于所有类型的越野旅行。不论预算多少，均可称心如意。,1863
入门级成人自行车；确保越野旅行或公路骑乘的舒适。快拆式车毂和轮缘。,1864
此自行车经济实惠，具有我们的高档车型所拥有的许多功能。相同的车灯、刚架以及我们驰名业界的快速加速器。,1865
使用的技术与我们所有的公路系列自行车完全相同，但车架尺寸专为女士设计。完美的全能自行车，可作一般用途也可参加比赛。,1866
使用的技术与我们所有的公路系列自行车完全相同。完美的全能自行车，可作一般用途也可参加比赛。,1867
真正的多项运动自行车，骑乘自如，设计新颖。符合空气动力学的设计给您带来专业车手的体验，极佳的传动装置可以轻易征服陡峭的路面。,1868
此自行车设计简约且符合空气动力学，您可参加越野训练、比赛或与亲朋好友共享悠闲生活。高级座椅技术确保全天候的骑乘舒适。,1869
此自行车专为女士设计，造型清丽且符合空气动力学，您可参加越野训练、比赛或与亲朋好友共享悠闲生活。高级座椅技术确保全天候的骑乘舒适。,1870
铝合金车架确保骑乘轻快、稳固，可用于室内比赛或参加俱乐部的越野活动。,1871
此自行车曾为赛车手夺冠立下汗马功劳。与 Adventure Works Cycles 专业赛车队联合设计，它的铝制车架极其轻巧且经过热处理，操纵装置可以实现精准控制。,1872
全能经济型自行车，具备基本的舒适和安全特征。提供了更宽也更稳固的轮胎，适用于环城游或周末旅行。,1873
豪华的定制车座，确保您全天舒适骑乘，重新设计过的行李架上有足够的空间可添加驮篮和车筐。此自行车在完全负重情况下非常稳固。,1874
享受时尚舒适的旅行。专门设计，最大程度地确保舒适和安全。速度可调，轻松翻越所有类型的山坡。采用高科技铝合金构造，经久耐用，车身轻盈。,1875
卓越的变速性能。,1876
极其坚实的脚踏轴。,1877
高强度的曲臂。,1878
三重齿盘；铝制曲臂；完美变速。,1879
全天候刹车垫；通过增加与轮缘的接触面积来提供优异的制动功能。,1880
宽连杆设计。,1882
结实的设计不仅避震还可实现更精确的操控。,1883
具有铝制前叉竖管的组合式公路车前叉。,1884
具有弯管的高性能碳纤维公路车前叉。,1885
使用与 ML 铝制车架相同的开创性车架技术，经济实惠。,1886
ML 车架是经过热处理的铝制车架，它的细节设计和质量与 HL 车架完全相同。它的性能卓越。属男用自行车。,1887
ML 车架是经过热处理的铝制车架，它的细节设计和质量与 HL 车架完全相同。它的性能卓越。属女用自行车。,1888
每个车架都是在我们位于 Bothell 的工厂中手工制作，具有高质量山地车架所必需的最佳直径和壁厚。经过热处理后焊接在一起的铝制车架具有可避震的大口径叉管。,1889
ML 车架使用与我们的高档 HL 车架完全相同的铝合金，它的特征是轻型下管经过磨制达到最佳口径从而实现最大强度。女用自行车。,1890
适用于入门级骑乘者的备用山地车轮。,1891
适用于一般和高级骑乘者的备用山地车轮。,1892
高性能的山地车备用轮。,1893
适用于入门级骑乘者的公路型备用前轮。,1894
坚固的合金具有快拆式车毂。,1895
具有双层轮缘的坚固车轮。,1896
轮缘的设计符合空气动力学，确保平稳骑乘。,1897
公路越野两用的全功能车把。,1898
适用于高山速降的坚固耐用的铝合金车把。,1899
平头车把异常坚固，足可用于专业巡回赛。,1900
独特的外形设计使得刹车把更易使用。,1901
符合人体解剖学的铝制车把适用于所有骑乘者。,1903
专为竞赛者设计；高档且符合人体解剖学的铝合金车把。,1904
独特的外形设计有助于减轻入门级骑乘者的疲劳。,1905
轻且坚固的铝制车把适用于长途骑乘。,1906
无螺纹的车头碗组不仅确保质量而且经济实惠。,1907
密封的缓冲油管，纤尘不染。,1908
高质量的一英寸无螺纹车头碗组具有油口，可确保快速润滑。,1909
展开式踏板便于您穿任何鞋子骑乘；适用于各种情况。,1910
无扣带式脚踏轻型耐用且松紧可调。,1911
不锈钢材质；易于去泥。,1912
无扣带式脚踏 – 铝制。,1913
轻型铝合金结构。,1914
松紧可调的高档无扣带式脚踏。,1915
踏板稳固，可供全天候骑乘。,1916
可填充的骑行鞋；抛光型铝制钳形闸。,1918
具有密封式滑轮轴承的 10 速铝制变速器。,1919
适用于入门级骑乘者的山地车备用后轮。,1920
适用于一般和高级骑乘者的山地车备用后轮。,1921
特别加固的轮缘确保耐用。,1922
适用于入门级骑乘者的备用后轮。,1923
带不锈钢辐条的铝合金轮缘；特别为提速而设计。,1924
具有双层轮缘的坚固后轮。,1925
出色的符合空气动力学的轮缘设计确保平稳骑乘。,1926
人造皮革。含有凝胶，提升舒适度。,1927
专门设计，确保避震。,1928
符合人体解剖学的设计确保全天候舒适骑乘。皮革材质持久耐用。,1929
轻型泡沫填充的车座。,1930
橡皮减震器可避免颠簸。,1931
含轻型凯夫拉纤维的比赛用车座。皮革材质。,1932
舒适且符合人体工程学的含凝胶车座。,1933
新型设计可缓解长时间骑乘的压力。,1934
精致的车架，令您骑乘更舒适。,1935
钢丝撑轮圈外胎的价格便宜，牵引力却可与高档车型相媲美。,1936
出色的牵引力、高密度的橡皮。,1937
惊人的牵引力；使用轻型碳纤维加强。,1938
钢丝撑轮圈外胎的价格便宜，轮胎面却与价格更贵的轮胎同样出色。,1939
橡皮的密度较其他车型更高。,1940
使用轻型碳纤维加固，车身轻盈如常，骑乘感觉非同一般。,1941
高密度橡皮。,1942
自封内胎。,1943
常规的全功能内胎。,1944
一般用内胎。,1945
LL 车架提供了安全舒适的骑乘，经济实惠的铝制车架提供了卓越的避震功能。,1946
ML 车架使用与我们的高档 HL 车架完全相同的铝合金，它的特征是轻型下管经过磨制达到最佳口径从而实现最大强度。男用自行车。,1947
重量最轻、质量最好的铝制车架采用最新的合金材质；经过焊接和热处理，坚固牢靠。我们创新的设计确保了最大程度的舒适和卓越的性能。,1948
轻型一体式铝制车架，可以更直立的骑乘姿势进行环城游。我们开创性的设计提供了最佳舒适度。,1949
HL 铝制车架经过特别打造，不仅外形悦目而且坚固耐用；不论何时何地，日常骑乘，轻松掌控。男用自行车。,1950
价格适中的车灯，确保夜间骑乘安全 – 使用三节 AAA 电池,1951
铝制外胎比山地车胎更轻盈；是长途旅行的完美伴侣。,1952
带有 AWC 徽标的水瓶容量为 30 盎司；防漏设计。,1953
可安全运载四辆自行车；钢结构；配有二英寸的固定装置。,1954
卡扣式挡泥板适合大多数山地车。,1955
混合使用天然纤维和合成纤维，确保干燥并提供恰到好处的减震功能。,1956
专门设计，确保方便。可装在您的口袋里。铝制气筒。额定气压为 160psi。,1957
专为 AWC 赛车队设计，配有固定扣带、湿度控制器、麂皮垫和腿夹。,1958
易于拿取的耐用防水型尼龙结构。容量尽可满足周末旅行所需。,1959
完全填充、手指活动更自如、手掌材质更耐用、大小可调。,1960
合成材质手掌、灵活的指关节、上部带有透气型网眼。AWC车队赛手专用。,1961
高弹力、耐磨型运动短裤，无缝氨纶内衬带有抗菌麂皮，确保穿着舒适。,1963
包括八种不同尺寸的补片、胶水和砂纸。,1964
轻型抗风，可折叠放入口袋。,1965
男士八拼片竞赛用运动短裤 – 氨纶材质、弹性腰带并带腿夹。,1966
完美设计的全能型自行车支架，适用于在家中立地骑乘。钢结构，具有快速可调的固定夹。,1967
充电式双光束车灯。,1968
耐用型防风雨车灯。,1969
短袖、式样经典的透气型运动衫，极佳的湿度控制、前拉练并带有三个后袋。,1970
简单轻便。应急补片存放在手把中。,1971
贴身设计，轻便耐穿，带有紧口袖边。,1972
结实的铝壳可在任何环境下保持瓶子稳固。,1973
经典式样，带有翻边；均码。,1974
中性长袖带有 AWC 徽标的微纤维赛车用运动衫,1975
通用型透气良好且轻便，带有自合型帽沿。,1976
多用途 70 盎司水袋的空间更大，易于装填并配有腰带。,1977
保暖型氨纶紧身运动衣适用于冬季骑乘；无缝麂皮结构可化解压力。,1978
可洗去最顽固的污垢；可溶解油脂，利于环保。一升瓶装。,1979
所携装备可置于前面和后面，包括行李架和两把钥匙。,1980
Replacement mountain wheel for entry-level rider.,1981
عجلة احتياطية مخصصة للقيادة في الجبال لراكبي الدراجات المبتدئين.,1982
Roue de secours tout-terrain pour vététiste occasionnel.,1983
ล้ออะไหล่จักรยานภูเขาสำหรับนักปั่นระดับเริ่มต้น,1984
גלגל חלופי לרכיבה הררית לרוכב המתחיל.,1985
适用于入门级骑乘者的备用山地车轮。,1986
Replacement mountain wheel for the casual to serious rider.,1987
عجلة احتياطية مخصصة للقيادة في الجبال تناسب كافة أنواع الركاب بدءًا من الراكب العادي إلى الراكب المحترف.,1988
Roue de secours tout-terrain pour vététiste amateur à confirmé.,1989
ล้ออะไหล่จักรยานภูเขาสำหรับนักปั่นสมัครเล่นไปจนถึงมืออาชีพ,1990
גלגל חלופי לרכיבה הררית לרוכב החובב והרציני.,1991
适用于一般和高级骑乘者的备用山地车轮。,1992
High-performance mountain replacement wheel.,1993
عجلة احتياطية مخصصة للقيادة في الجبال عالية الأداء.,1994
Roue de secours tout-terrain hautes performances.,1995
ล้ออะไหล่จักรยานภูเขาประสิทธิภาพสูง,1996
גלגל חלופי עתיר ביצועים לרכיבה הררית.,1997
高性能的山地车备用轮。,1998
Replacement road rear wheel for entry-level cyclist.,1999
عجلة طريق أمامية بديلة لقائدي الدراجات المبتدئين.,2000
Roue avant pour vélo de route pour cycliste occasionnel.,2001
ล้อหน้าจักรยานภูเขาอะไหล่สำหรับนักปั่นระดับเริ่มต้น,2002
גלגל חלופי קדמי לרכיבת כביש לרוכב המתחיל.,2003
适用于入门级骑乘者的公路型备用前轮。,2004
Wide-link design.,2005
تصميم عريض الوصلات.,2006
Conception liaison large.,2007
การออกแบบให้มีจุดเชื่อมกว้าง,2008
עיצוב רחב-חוליות.,2009
宽连杆设计。,2010
