Title,Model
122,All-Purpose Bike Stand
119,Bike Wash
115,Cable Lock
98,Chain
1,Classic Vest
2,Cycling Cap
121,Fender Set - Mountain
102,Front Brakes
103,Front Derailleur
3,Full-Finger Gloves
4,Half-Finger Gloves
109,Headlights - Dual-Beam
110,Headlights - Weatherproof
118,Hitch Rack - 4-Bike
97,HL Bottom Bracket
101,HL Crankset
106,HL Fork
61,HL Headset
5,HL Mountain Frame
46,HL Mountain Front Wheel
55,HL Mountain Handlebars
64,HL Mountain Pedal
125,HL Mountain Rear Wheel
73,HL Mountain Seat/Saddle 1
81,HL Mountain Seat/Saddle 2
87,HL Mountain Tire
6,HL Road Frame
51,HL Road Front Wheel
58,HL Road Handlebars
70,HL Road Pedal
78,HL Road Rear Wheel
76,HL Road Seat/Saddle 1
84,HL Road Seat/Saddle 2
90,HL Road Tire
7,HL Touring Frame
48,HL Touring Handlebars
67,HL Touring Seat/Saddle
107,Hydration Pack
95,LL Bottom Bracket
99,LL Crankset
104,LL Fork
59,LL Headset
8,LL Mountain Frame
42,LL Mountain Front Wheel
52,LL Mountain Handlebars
62,LL Mountain Pedal
123,LL Mountain Rear Wheel
71,LL Mountain Seat/Saddle 1
79,LL Mountain Seat/Saddle 2
85,LL Mountain Tire
9,LL Road Frame
49,LL Road Front Wheel
56,LL Road Handlebars
68,LL Road Pedal
126,LL Road Rear Wheel
82,LL Road Seat/Saddle 1
74,LL Road Seat/Saddle 2
88,LL Road Tire
10,LL Touring Frame
47,LL Touring Handlebars
66,LL Touring Seat/Saddle
11,Long-Sleeve Logo Jersey
12,Men's Bib-Shorts
13,Men's Sports Shorts
116,Minipump
96,ML Bottom Bracket
100,ML Crankset
105,ML Fork
60,ML Headset
14,ML Mountain Frame
15,ML Mountain Frame-W
45,ML Mountain Front Wheel
54,ML Mountain Handlebars
63,ML Mountain Pedal
124,ML Mountain Rear Wheel
72,ML Mountain Seat/Saddle 1
80,ML Mountain Seat/Saddle 2
86,ML Mountain Tire
16,ML Road Frame
17,ML Road Frame-W
50,ML Road Front Wheel
57,ML Road Handlebars
69,ML Road Pedal
77,ML Road Rear Wheel
75,ML Road Seat/Saddle 1
83,ML Road Seat/Saddle 2
89,ML Road Tire
65,ML Touring Seat/Saddle
18,Mountain Bike Socks
112,Mountain Bottle Cage
117,Mountain Pump
92,Mountain Tire Tube
19,Mountain-100
20,Mountain-200
21,Mountain-300
39,Mountain-400
22,Mountain-400-W
23,Mountain-500
114,Patch kit
24,Racing Socks
128,Rear Brakes
127,Rear Derailleur
113,Road Bottle Cage
93,Road Tire Tube
25,Road-150
26,Road-250
41,Road-350
27,Road-350-W
28,Road-450
40,Road-550
29,Road-550-W
30,Road-650
31,Road-750
32,Short-Sleeve Classic Jersey
33,Sport-100
108,Taillight
44,Touring Front Wheel
53,Touring Pedal
43,Touring Rear Wheel
91,Touring Tire
94,Touring Tire Tube
34,Touring-1000
35,Touring-2000
36,Touring-3000
120,Touring-Panniers
111,Water Bottle
37,Women's Mountain Shorts
38,Women's Tights
